cvp1_public_compute_fp_3	cvp1_public/compute_fp_3	0	15001861	0	15001861
cvp1_public_compute_fp_1	cvp1_public/compute_fp_1	0	15040022	0	15040023
cvp1_public_compute_int_13	cvp1_public/compute_int_13	0	15001861	0	15001861
cvp1_public_compute_fp_9	cvp1_public/compute_fp_9	0	15005806	0	15005807
cvp1_public_compute_fp_12	cvp1_public/compute_fp_12	0	15001862	0	15001862
cvp1_public_compute_int_0	cvp1_public/compute_int_0	0	15032599	0	15032599
cvp1_public_compute_fp_11	cvp1_public/compute_fp_11	0	15002722	0	15002722
cvp1_public_compute_fp_8	cvp1_public/compute_fp_8	0	15001862	0	15001862
cvp1_public_compute_int_17	cvp1_public/compute_int_17	0	15092375	0	15092375
cvp1_public_compute_int_22	cvp1_public/compute_int_22	0	15001861	0	15001861
cvp1_public_compute_int_19	cvp1_public/compute_int_19	0	15025890	0	15025891
cvp1_public_compute_int_11	cvp1_public/compute_int_11	0	15042549	0	15042550
cvp1_public_compute_int_24	cvp1_public/compute_int_24	0	15155773	0	15155773
cvp1_public_compute_fp_7	cvp1_public/compute_fp_7	0	15277127	0	15277127
cvp1_public_compute_fp_5	cvp1_public/compute_fp_5	0	15001861	0	15001861
cvp1_public_compute_fp_10	cvp1_public/compute_fp_10	0	15001731	0	15001731
cvp1_public_compute_fp_2	cvp1_public/compute_fp_2	0	15216477	0	15216477
cvp1_public_compute_int_10	cvp1_public/compute_int_10	0	15106885	0	15106886
cvp1_public_compute_int_16	cvp1_public/compute_int_16	0	15364618	0	15364618
cvp1_public_compute_int_23	cvp1_public/compute_int_23	0	15634036	0	15634036
cvp1_public_compute_int_15	cvp1_public/compute_int_15	0	15051522	0	15051522
cvp1_public_compute_int_1	cvp1_public/compute_int_1	0	15230921	0	15230922
cvp1_public_compute_int_14	cvp1_public/compute_int_14	0	15332192	0	15332192
cvp1_public_compute_fp_4	cvp1_public/compute_fp_4	0	15158659	0	15158660
cvp1_public_compute_int_21	cvp1_public/compute_int_21	0	15433456	0	15433457
cvp1_public_compute_int_27	cvp1_public/compute_int_27	0	15388641	0	15388641
cvp1_public_compute_int_26	cvp1_public/compute_int_26	0	15537977	0	15537978
cvp1_public_compute_int_12	cvp1_public/compute_int_12	0	15451628	0	15451629
cvp1_public_compute_fp_6	cvp1_public/compute_fp_6	0	16648910	0	16648910
cvp1_public_compute_int_18	cvp1_public/compute_int_18	0	15380562	0	15380562
cvp1_public_compute_fp_13	cvp1_public/compute_fp_13	0	15001862	0	15001862
cvp1_public_compute_int_25	cvp1_public/compute_int_25	0	17081419	0	17081420
cvp1_public_compute_int_2	cvp1_public/compute_int_2	0	15030187	0	15030188
cvp1_public_compute_int_31	cvp1_public/compute_int_31	0	15135236	0	15135237
cvp1_public_compute_int_35	cvp1_public/compute_int_35	0	15031552	0	15031553
cvp1_public_compute_int_29	cvp1_public/compute_int_29	0	15143358	0	15143359
cvp1_public_compute_int_34	cvp1_public/compute_int_34	0	15229182	0	15229183
cvp1_public_compute_int_32	cvp1_public/compute_int_32	0	15378406	0	15378406
cvp1_public_compute_int_33	cvp1_public/compute_int_33	0	15086667	0	15086667
cvp1_public_compute_int_37	cvp1_public/compute_int_37	0	15008378	0	15008378
cvp1_public_compute_int_8	cvp1_public/compute_int_8	0	15029761	0	15029761
cvp1_public_compute_int_46	cvp1_public/compute_int_46	0	15138971	0	15138972
cvp1_public_compute_int_41	cvp1_public/compute_int_41	0	15070044	0	15070044
cvp1_public_compute_int_42	cvp1_public/compute_int_42	0	15314714	0	15314714
cvp1_public_compute_int_3	cvp1_public/compute_int_3	0	15142761	0	15142762
cvp1_public_compute_int_36	cvp1_public/compute_int_36	0	15564010	0	15564011
cvp1_public_compute_int_5	cvp1_public/compute_int_5	0	15028700	0	15028701
cvp1_public_compute_int_39	cvp1_public/compute_int_39	0	15181327	0	15181328
cvp1_public_compute_int_44	cvp1_public/compute_int_44	0	15088986	0	15088987
cvp1_public_compute_int_7	cvp1_public/compute_int_7	0	15374057	0	15374058
cvp1_public_compute_int_43	cvp1_public/compute_int_43	0	15080897	0	15080897
cvp1_public_compute_int_38	cvp1_public/compute_int_38	0	15539061	0	15539062
cvp1_public_compute_int_4	cvp1_public/compute_int_4	0	15100909	0	15100910
cvp1_public_compute_int_6	cvp1_public/compute_int_6	0	15208010	0	15208011
cvp1_public_compute_int_40	cvp1_public/compute_int_40	0	15191365	0	15191366
cvp1_public_compute_int_28	cvp1_public/compute_int_28	0	17695205	0	17695205
cvp1_public_compute_int_9	cvp1_public/compute_int_9	0	15218004	0	15218004
cvp1_public_srv_12	cvp1_public/srv_12	0	15578756	0	15578757
cvp1_public_srv_10	cvp1_public/srv_10	0	15434160	0	15434160
cvp1_public_srv_11	cvp1_public/srv_11	0	15409728	0	15409729
cvp1_public_srv_0	cvp1_public/srv_0	0	15425750	0	15425750
cvp1_public_compute_int_45	cvp1_public/compute_int_45	0	18001326	0	18001326
cvp1_public_srv_13	cvp1_public/srv_13	0	15573586	0	15573587
cvp1_public_srv_14	cvp1_public/srv_14	0	15629425	0	15629425
cvp1_public_srv_18	cvp1_public/srv_18	0	15612780	0	15612780
cvp1_public_srv_17	cvp1_public/srv_17	0	15674739	0	15674740
cvp1_public_srv_15	cvp1_public/srv_15	0	15626544	0	15626544
cvp1_public_srv_19	cvp1_public/srv_19	0	15633366	0	15633366
cvp1_public_srv_22	cvp1_public/srv_22	0	15572755	0	15572755
cvp1_public_srv_16	cvp1_public/srv_16	0	15671693	0	15671693
cvp1_public_srv_26	cvp1_public/srv_26	0	15606741	0	15606741
cvp1_public_srv_1	cvp1_public/srv_1	0	15408810	0	15408810
cvp1_public_srv_20	cvp1_public/srv_20	0	15606037	0	15606037
cvp1_public_srv_2	cvp1_public/srv_2	0	15417990	0	15417991
cvp1_public_srv_21	cvp1_public/srv_21	0	15604608	0	15604609
cvp1_public_srv_28	cvp1_public/srv_28	0	15912611	0	15912611
cvp1_public_srv_27	cvp1_public/srv_27	0	15907822	0	15907822
cvp1_public_srv_29	cvp1_public/srv_29	0	15912726	0	15912726
cvp1_public_srv_25	cvp1_public/srv_25	0	15633691	0	15633691
cvp1_public_srv_30	cvp1_public/srv_30	0	15909726	0	15909727
cvp1_public_srv_24	cvp1_public/srv_24	0	15672323	0	15672324
cvp1_public_srv_31	cvp1_public/srv_31	0	15908919	0	15908919
cvp1_public_srv_40	cvp1_public/srv_40	0	15284683	0	15284683
cvp1_public_srv_32	cvp1_public/srv_32	0	15717703	0	15717703
cvp1_public_srv_33	cvp1_public/srv_33	0	16102005	0	16102006
cvp1_public_srv_23	cvp1_public/srv_23	0	15632630	0	15632630
cvp1_public_srv_36	cvp1_public/srv_36	0	16101575	0	16101575
cvp1_public_srv_35	cvp1_public/srv_35	0	16103817	0	16103818
cvp1_public_srv_34	cvp1_public/srv_34	0	16103248	0	16103249
cvp1_public_srv_41	cvp1_public/srv_41	0	15413533	0	15413534
cvp1_public_srv_3	cvp1_public/srv_3	0	15417829	0	15417829
cvp1_public_srv_37	cvp1_public/srv_37	0	16101269	0	16101270
cvp1_public_srv_42	cvp1_public/srv_42	0	15546017	0	15546018
cvp1_public_srv_39	cvp1_public/srv_39	0	16105442	0	16105443
cvp1_public_srv_38	cvp1_public/srv_38	0	16106172	0	16106172
cvp1_public_srv_43	cvp1_public/srv_43	0	15545734	0	15545735
cvp1_public_srv_45	cvp1_public/srv_45	0	15601344	0	15601344
cvp1_public_srv_44	cvp1_public/srv_44	0	15576047	0	15576047
cvp1_public_srv_50	cvp1_public/srv_50	0	15410942	0	15410943
cvp1_public_srv_47	cvp1_public/srv_47	0	15592425	0	15592426
cvp1_public_srv_46	cvp1_public/srv_46	0	15589628	0	15589629
cvp1_public_srv_4	cvp1_public/srv_4	0	15425548	0	15425549
cvp1_public_srv_54	cvp1_public/srv_54	0	15417700	0	15417700
cvp1_public_srv_49	cvp1_public/srv_49	0	15516264	0	15516264
cvp1_public_srv_48	cvp1_public/srv_48	0	15515328	0	15515328
cvp1_public_srv_51	cvp1_public/srv_51	0	15417225	0	15417225
cvp1_public_srv_53	cvp1_public/srv_53	0	15467332	0	15467333
cvp1_public_srv_5	cvp1_public/srv_5	0	15422452	0	15422453
cvp1_public_srv_56	cvp1_public/srv_56	0	15532061	0	15532062
cvp1_public_srv_59	cvp1_public/srv_59	0	15550703	0	15550703
cvp1_public_srv_55	cvp1_public/srv_55	0	15445922	0	15445922
cvp1_public_srv_57	cvp1_public/srv_57	0	15530294	0	15530294
cvp1_public_srv_52	cvp1_public/srv_52	0	15509860	0	15509861
cvp1_public_srv_61	cvp1_public/srv_61	0	15427160	0	15427161
cvp1_public_srv_58	cvp1_public/srv_58	0	15556356	0	15556356
cvp1_public_srv_63	cvp1_public/srv_63	0	15416322	0	15416323
cvp1_public_srv_65	cvp1_public/srv_65	0	15422782	0	15422782
cvp1_public_srv_66	cvp1_public/srv_66	0	15424269	0	15424270
cvp1_public_srv_60	cvp1_public/srv_60	0	15434111	0	15434112
cvp1_public_srv_62	cvp1_public/srv_62	0	15417882	0	15417882
cvp1_public_srv_67	cvp1_public/srv_67	0	15424536	0	15424537
cvp1_public_srv_68	cvp1_public/srv_68	0	15404749	0	15404749
cvp1_public_srv_69	cvp1_public/srv_69	0	15446375	0	15446376
cvp1_public_srv_6	cvp1_public/srv_6	0	15423720	0	15423721
cvp1_public_srv_64	cvp1_public/srv_64	0	15422471	0	15422471
cvp1_public_srv_70	cvp1_public/srv_70	0	15572755	0	15572755
cvp1_public_srv_71	cvp1_public/srv_71	0	15633528	0	15633528
cvp1_public_srv_72	cvp1_public/srv_72	0	15675552	0	15675553
cvp1_public_srv_73	cvp1_public/srv_73	0	15628541	0	15628541
cvp1_public_srv_9	cvp1_public/srv_9	0	15305302	0	15305303
cvp1_public_srv_7	cvp1_public/srv_7	0	15419957	0	15419957
cvp1_public_srv_8	cvp1_public/srv_8	0	15490467	0	15490468
cvp1_public_srv_74	cvp1_public/srv_74	0	15605883	0	15605883
cvp1_public_srv_76	cvp1_public/srv_76	0	16103009	0	16103010
cvp1_public_srv_75	cvp1_public/srv_75	0	16106221	0	16106222
cvp1_secret_compute_fp_100	cvp1_secret/compute_fp_100	0	50461233	0	50461234
cvp1_secret_compute_fp_104	cvp1_secret/compute_fp_104	0	50570316	0	50570317
cvp1_secret_compute_fp_110	cvp1_secret/compute_fp_110	0	50018975	0	50018975
cvp1_secret_compute_fp_106	cvp1_secret/compute_fp_106	0	50081456	0	50081457
cvp1_secret_compute_fp_113	cvp1_secret/compute_fp_113	0	50460906	0	50460907
cvp1_secret_compute_fp_117	cvp1_secret/compute_fp_117	0	50024677	0	50024677
cvp1_secret_compute_fp_102	cvp1_secret/compute_fp_102	0	50094491	0	50094491
cvp1_secret_compute_fp_103	cvp1_secret/compute_fp_103	0	50172705	0	50172705
cvp1_secret_compute_fp_116	cvp1_secret/compute_fp_116	0	50019257	0	50019257
cvp1_secret_compute_fp_108	cvp1_secret/compute_fp_108	0	50551325	0	50551326
cvp1_secret_compute_fp_112	cvp1_secret/compute_fp_112	0	50178956	0	50178957
cvp1_secret_compute_fp_118	cvp1_secret/compute_fp_118	0	50762534	0	50762535
cvp1_secret_compute_fp_101	cvp1_secret/compute_fp_101	0	53342461	0	53342461
cvp1_secret_compute_fp_107	cvp1_secret/compute_fp_107	0	51139141	0	51139141
cvp1_secret_compute_fp_120	cvp1_secret/compute_fp_120	0	50002800	0	50002800
cvp1_secret_compute_fp_119	cvp1_secret/compute_fp_119	0	50101249	0	50101250
cvp1_secret_compute_fp_11	cvp1_secret/compute_fp_11	0	50151715	0	50151715
cvp1_secret_compute_fp_109	cvp1_secret/compute_fp_109	0	50521776	0	50521776
cvp1_secret_compute_fp_0	cvp1_secret/compute_fp_0	0	51101558	0	51101558
cvp1_secret_compute_fp_121	cvp1_secret/compute_fp_121	0	50398820	0	50398821
cvp1_secret_compute_fp_111	cvp1_secret/compute_fp_111	0	53999432	0	53999432
cvp1_secret_compute_fp_114	cvp1_secret/compute_fp_114	0	50192604	0	50192604
cvp1_secret_compute_fp_10	cvp1_secret/compute_fp_10	0	51079270	0	51079271
cvp1_secret_compute_fp_115	cvp1_secret/compute_fp_115	0	51208331	0	51208332
cvp1_secret_compute_fp_124	cvp1_secret/compute_fp_124	0	50002874	0	50002875
cvp1_secret_compute_fp_123	cvp1_secret/compute_fp_123	0	50002712	0	50002712
cvp1_secret_compute_fp_105	cvp1_secret/compute_fp_105	0	64873189	0	64873189
cvp1_secret_compute_fp_125	cvp1_secret/compute_fp_125	0	50002712	0	50002712
cvp1_secret_compute_fp_127	cvp1_secret/compute_fp_127	0	50179048	0	50179049
cvp1_secret_compute_fp_128	cvp1_secret/compute_fp_128	0	50181204	0	50181205
cvp1_secret_compute_fp_122	cvp1_secret/compute_fp_122	0	50031041	0	50031042
cvp1_secret_compute_fp_126	cvp1_secret/compute_fp_126	0	50595175	0	50595176
cvp1_secret_compute_fp_132	cvp1_secret/compute_fp_132	0	50078819	0	50078819
cvp1_secret_compute_fp_129	cvp1_secret/compute_fp_129	0	50370766	0	50370767
cvp1_secret_compute_fp_133	cvp1_secret/compute_fp_133	0	50233463	0	50233464
cvp1_secret_compute_fp_137	cvp1_secret/compute_fp_137	0	50079345	0	50079345
cvp1_secret_compute_fp_131	cvp1_secret/compute_fp_131	0	50002712	0	50002712
cvp1_secret_compute_fp_12	cvp1_secret/compute_fp_12	0	50028581	0	50028582
cvp1_secret_compute_fp_130	cvp1_secret/compute_fp_130	0	50418456	0	50418457
cvp1_secret_compute_fp_136	cvp1_secret/compute_fp_136	0	50236296	0	50236297
cvp1_secret_compute_fp_134	cvp1_secret/compute_fp_134	0	50019187	0	50019187
cvp1_secret_compute_fp_19	cvp1_secret/compute_fp_19	0	50064845	0	50064845
cvp1_secret_compute_fp_20	cvp1_secret/compute_fp_20	0	50002800	0	50002800
cvp1_secret_compute_fp_139	cvp1_secret/compute_fp_139	0	50186441	0	50186441
cvp1_secret_compute_fp_16	cvp1_secret/compute_fp_16	0	50140458	0	50140459
cvp1_secret_compute_fp_18	cvp1_secret/compute_fp_18	0	50186160	0	50186160
cvp1_secret_compute_fp_135	cvp1_secret/compute_fp_135	0	51064289	0	51064289
cvp1_secret_compute_fp_1	cvp1_secret/compute_fp_1	0	50194378	0	50194379
cvp1_secret_compute_fp_15	cvp1_secret/compute_fp_15	0	50019002	0	50019003
cvp1_secret_compute_fp_13	cvp1_secret/compute_fp_13	0	50074072	0	50074073
cvp1_secret_compute_fp_21	cvp1_secret/compute_fp_21	0	50002800	0	50002800
cvp1_secret_compute_fp_14	cvp1_secret/compute_fp_14	0	50019170	0	50019170
cvp1_secret_compute_fp_17	cvp1_secret/compute_fp_17	0	51202786	0	51202787
cvp1_secret_compute_fp_23	cvp1_secret/compute_fp_23	0	50101347	0	50101348
cvp1_secret_compute_fp_138	cvp1_secret/compute_fp_138	0	51364368	0	51364368
cvp1_secret_compute_fp_22	cvp1_secret/compute_fp_22	0	51141677	0	51141677
cvp1_secret_compute_fp_25	cvp1_secret/compute_fp_25	0	50844400	0	50844400
cvp1_secret_compute_fp_29	cvp1_secret/compute_fp_29	0	50002713	0	50002713
cvp1_secret_compute_fp_28	cvp1_secret/compute_fp_28	0	50477594	0	50477595
cvp1_secret_compute_fp_24	cvp1_secret/compute_fp_24	0	51826269	0	51826270
cvp1_secret_compute_fp_2	cvp1_secret/compute_fp_2	0	50282405	0	50282406
cvp1_secret_compute_fp_27	cvp1_secret/compute_fp_27	0	51133306	0	51133306
cvp1_secret_compute_fp_30	cvp1_secret/compute_fp_30	0	50180798	0	50180799
cvp1_secret_compute_fp_31	cvp1_secret/compute_fp_31	0	50291569	0	50291569
cvp1_secret_compute_fp_32	cvp1_secret/compute_fp_32	0	50039748	0	50039749
cvp1_secret_compute_fp_37	cvp1_secret/compute_fp_37	0	50002871	0	50002872
cvp1_secret_compute_fp_35	cvp1_secret/compute_fp_35	0	50090147	0	50090147
cvp1_secret_compute_fp_34	cvp1_secret/compute_fp_34	0	50171119	0	50171119
cvp1_secret_compute_fp_33	cvp1_secret/compute_fp_33	0	51895361	0	51895361
cvp1_secret_compute_fp_41	cvp1_secret/compute_fp_41	0	50074077	0	50074077
cvp1_secret_compute_fp_38	cvp1_secret/compute_fp_38	0	52227817	0	52227818
cvp1_secret_compute_fp_42	cvp1_secret/compute_fp_42	0	50120039	0	50120040
cvp1_secret_compute_fp_43	cvp1_secret/compute_fp_43	0	50205858	0	50205859
cvp1_secret_compute_fp_3	cvp1_secret/compute_fp_3	0	50484587	0	50484588
cvp1_secret_compute_fp_36	cvp1_secret/compute_fp_36	0	51066768	0	51066769
cvp1_secret_compute_fp_47	cvp1_secret/compute_fp_47	0	50967202	0	50967203
cvp1_secret_compute_fp_44	cvp1_secret/compute_fp_44	0	50339228	0	50339229
cvp1_secret_compute_fp_48	cvp1_secret/compute_fp_48	0	50002712	0	50002712
cvp1_secret_compute_fp_40	cvp1_secret/compute_fp_40	0	50093135	0	50093136
cvp1_secret_compute_fp_46	cvp1_secret/compute_fp_46	0	50311263	0	50311263
cvp1_secret_compute_fp_45	cvp1_secret/compute_fp_45	0	50019207	0	50019208
cvp1_secret_compute_fp_39	cvp1_secret/compute_fp_39	0	51106112	0	51106112
cvp1_secret_compute_fp_50	cvp1_secret/compute_fp_50	0	52637171	0	52637171
cvp1_secret_compute_fp_51	cvp1_secret/compute_fp_51	0	50019278	0	50019278
cvp1_secret_compute_fp_4	cvp1_secret/compute_fp_4	0	51466144	0	51466144
cvp1_secret_compute_fp_49	cvp1_secret/compute_fp_49	0	50447557	0	50447558
cvp1_secret_compute_fp_52	cvp1_secret/compute_fp_52	0	50075870	0	50075870
cvp1_secret_compute_fp_53	cvp1_secret/compute_fp_53	0	50417169	0	50417169
cvp1_secret_compute_fp_54	cvp1_secret/compute_fp_54	0	50433362	0	50433362
cvp1_secret_compute_fp_55	cvp1_secret/compute_fp_55	0	50002712	0	50002712
cvp1_secret_compute_fp_57	cvp1_secret/compute_fp_57	0	50348418	0	50348418
cvp1_secret_compute_fp_56	cvp1_secret/compute_fp_56	0	50243143	0	50243143
cvp1_secret_compute_fp_60	cvp1_secret/compute_fp_60	0	50002712	0	50002712
cvp1_secret_compute_fp_5	cvp1_secret/compute_fp_5	0	50230922	0	50230923
cvp1_secret_compute_fp_59	cvp1_secret/compute_fp_59	0	52996085	0	52996085
cvp1_secret_compute_fp_58	cvp1_secret/compute_fp_58	0	50391199	0	50391199
cvp1_secret_compute_fp_62	cvp1_secret/compute_fp_62	0	50002800	0	50002800
cvp1_secret_compute_fp_61	cvp1_secret/compute_fp_61	0	50565051	0	50565051
cvp1_secret_compute_fp_63	cvp1_secret/compute_fp_63	0	51635788	0	51635788
cvp1_secret_compute_fp_67	cvp1_secret/compute_fp_67	0	50018913	0	50018914
cvp1_secret_compute_fp_65	cvp1_secret/compute_fp_65	0	50185809	0	50185810
cvp1_secret_compute_fp_74	cvp1_secret/compute_fp_74	0	50002800	0	50002800
cvp1_secret_compute_fp_69	cvp1_secret/compute_fp_69	0	50024769	0	50024769
cvp1_secret_compute_fp_64	cvp1_secret/compute_fp_64	0	50819097	0	50819098
cvp1_secret_compute_fp_73	cvp1_secret/compute_fp_73	0	50071967	0	50071968
cvp1_secret_compute_fp_6	cvp1_secret/compute_fp_6	0	50152216	0	50152217
cvp1_secret_compute_fp_70	cvp1_secret/compute_fp_70	0	50066955	0	50066955
cvp1_secret_compute_fp_66	cvp1_secret/compute_fp_66	0	51462172	0	51462172
cvp1_secret_compute_fp_68	cvp1_secret/compute_fp_68	0	50222324	0	50222324
cvp1_secret_compute_fp_76	cvp1_secret/compute_fp_76	0	50031558	0	50031559
cvp1_secret_compute_fp_72	cvp1_secret/compute_fp_72	0	50198047	0	50198048
cvp1_secret_compute_fp_78	cvp1_secret/compute_fp_78	0	50269705	0	50269706
cvp1_secret_compute_fp_71	cvp1_secret/compute_fp_71	0	50194095	0	50194096
cvp1_secret_compute_fp_80	cvp1_secret/compute_fp_80	0	50004651	0	50004651
cvp1_secret_compute_fp_79	cvp1_secret/compute_fp_79	0	50222111	0	50222111
cvp1_secret_compute_fp_7	cvp1_secret/compute_fp_7	0	50216908	0	50216908
cvp1_secret_compute_fp_77	cvp1_secret/compute_fp_77	0	51116871	0	51116872
cvp1_secret_compute_fp_75	cvp1_secret/compute_fp_75	0	50981852	0	50981853
cvp1_secret_compute_fp_81	cvp1_secret/compute_fp_81	0	50183404	0	50183405
cvp1_secret_compute_fp_82	cvp1_secret/compute_fp_82	0	50002722	0	50002722
cvp1_secret_compute_fp_83	cvp1_secret/compute_fp_83	0	50054101	0	50054101
cvp1_secret_compute_fp_84	cvp1_secret/compute_fp_84	0	50306757	0	50306757
cvp1_secret_compute_fp_85	cvp1_secret/compute_fp_85	0	50114215	0	50114215
cvp1_secret_compute_fp_86	cvp1_secret/compute_fp_86	0	50078878	0	50078879
cvp1_secret_compute_fp_87	cvp1_secret/compute_fp_87	0	50072262	0	50072263
cvp1_secret_compute_fp_88	cvp1_secret/compute_fp_88	0	50002712	0	50002712
cvp1_secret_compute_int_100	cvp1_secret/compute_int_100	0	19856122	0	19856122
cvp1_secret_compute_fp_8	cvp1_secret/compute_fp_8	0	50228664	0	50228664
cvp1_secret_compute_fp_89	cvp1_secret/compute_fp_89	0	51061537	0	51061537
cvp1_secret_compute_int_108	cvp1_secret/compute_int_108	0	17664506	0	17664507
cvp1_secret_compute_int_106	cvp1_secret/compute_int_106	0	18521387	0	18521388
cvp1_secret_compute_int_107	cvp1_secret/compute_int_107	0	20013254	0	20013254
cvp1_secret_compute_int_112	cvp1_secret/compute_int_112	0	16333293	0	16333294
cvp1_secret_compute_int_120	cvp1_secret/compute_int_120	0	6396397	0	6396397
cvp1_secret_compute_int_101	cvp1_secret/compute_int_101	0	26993844	0	26993845
cvp1_secret_compute_int_117	cvp1_secret/compute_int_117	0	11301048	0	11301048
cvp1_secret_compute_int_109	cvp1_secret/compute_int_109	0	26296559	0	26296560
cvp1_secret_compute_int_102	cvp1_secret/compute_int_102	0	39670387	0	39670388
cvp1_secret_compute_int_128	cvp1_secret/compute_int_128	0	11301048	0	11301048
cvp1_secret_compute_fp_91	cvp1_secret/compute_fp_91	0	50249743	0	50249743
cvp1_secret_compute_fp_92	cvp1_secret/compute_fp_92	0	50683718	0	50683718
cvp1_secret_compute_fp_94	cvp1_secret/compute_fp_94	0	50417639	0	50417640
cvp1_secret_compute_fp_95	cvp1_secret/compute_fp_95	0	50018921	0	50018922
cvp1_secret_compute_fp_98	cvp1_secret/compute_fp_98	0	50024768	0	50024769
cvp1_secret_compute_fp_99	cvp1_secret/compute_fp_99	0	50043338	0	50043338
cvp1_secret_compute_fp_97	cvp1_secret/compute_fp_97	0	50492167	0	50492168
cvp1_secret_compute_fp_96	cvp1_secret/compute_fp_96	0	52387103	0	52387104
cvp1_secret_compute_int_0	cvp1_secret/compute_int_0	0	50019651	0	50019651
cvp1_secret_compute_int_114	cvp1_secret/compute_int_114	0	38744145	0	38744146
cvp1_secret_compute_fp_9	cvp1_secret/compute_fp_9	0	50019002	0	50019003
cvp1_secret_compute_int_103	cvp1_secret/compute_int_103	0	50019106	0	50019106
cvp1_secret_compute_int_129	cvp1_secret/compute_int_129	0	11237009	0	11237009
cvp1_secret_compute_int_104	cvp1_secret/compute_int_104	0	50455384	0	50455385
cvp1_secret_compute_int_127	cvp1_secret/compute_int_127	0	26853775	0	26853776
cvp1_secret_compute_int_105	cvp1_secret/compute_int_105	0	51673087	0	51673087
cvp1_secret_compute_int_110	cvp1_secret/compute_int_110	0	51632637	0	51632637
cvp1_secret_compute_int_119	cvp1_secret/compute_int_119	0	40524629	0	40524630
cvp1_secret_compute_int_111	cvp1_secret/compute_int_111	0	51378482	0	51378483
cvp1_secret_compute_int_115	cvp1_secret/compute_int_115	0	50019070	0	50019071
cvp1_secret_compute_int_145	cvp1_secret/compute_int_145	0	6396392	0	6396393
cvp1_secret_compute_int_142	cvp1_secret/compute_int_142	0	11395883	0	11395884
cvp1_secret_compute_int_138	cvp1_secret/compute_int_138	0	18517624	0	18517625
cvp1_secret_compute_int_137	cvp1_secret/compute_int_137	0	20013256	0	20013256
cvp1_secret_compute_int_116	cvp1_secret/compute_int_116	0	50985431	0	50985431
cvp1_secret_compute_int_118	cvp1_secret/compute_int_118	0	51703679	0	51703680
cvp1_secret_compute_int_122	cvp1_secret/compute_int_122	0	50484325	0	50484326
cvp1_secret_compute_int_11	cvp1_secret/compute_int_11	0	51316128	0	51316128
cvp1_secret_compute_int_147	cvp1_secret/compute_int_147	0	11237009	0	11237009
cvp1_secret_compute_int_10	cvp1_secret/compute_int_10	0	69283654	0	69283655
cvp1_secret_compute_int_134	cvp1_secret/compute_int_134	0	26993533	0	26993533
cvp1_secret_compute_int_123	cvp1_secret/compute_int_123	0	51759136	0	51759136
cvp1_secret_compute_int_121	cvp1_secret/compute_int_121	0	51434921	0	51434921
cvp1_secret_compute_int_124	cvp1_secret/compute_int_124	0	51884173	0	51884173
cvp1_secret_compute_int_125	cvp1_secret/compute_int_125	0	54740796	0	54740797
cvp1_secret_compute_int_136	cvp1_secret/compute_int_136	0	39137137	0	39137137
cvp1_secret_compute_int_156	cvp1_secret/compute_int_156	0	16333293	0	16333294
cvp1_secret_compute_int_153	cvp1_secret/compute_int_153	0	19856124	0	19856124
cvp1_secret_compute_int_12	cvp1_secret/compute_int_12	0	50006800	0	50006800
cvp1_secret_compute_int_130	cvp1_secret/compute_int_130	0	50152524	0	50152524
cvp1_secret_compute_int_152	cvp1_secret/compute_int_152	0	26993887	0	26993888
cvp1_secret_compute_int_160	cvp1_secret/compute_int_160	0	18521840	0	18521841
cvp1_secret_compute_int_131	cvp1_secret/compute_int_131	0	51324323	0	51324324
cvp1_secret_compute_int_132	cvp1_secret/compute_int_132	0	50019469	0	50019470
cvp1_secret_compute_int_144	cvp1_secret/compute_int_144	0	39598748	0	39598748
cvp1_secret_compute_int_163	cvp1_secret/compute_int_163	0	11395883	0	11395884
cvp1_secret_compute_int_13	cvp1_secret/compute_int_13	0	50146098	0	50146099
cvp1_secret_compute_int_159	cvp1_secret/compute_int_159	0	25442473	0	25442473
cvp1_secret_compute_int_135	cvp1_secret/compute_int_135	0	55126696	0	55126697
cvp1_secret_compute_int_139	cvp1_secret/compute_int_139	0	51385227	0	51385227
cvp1_secret_compute_int_171	cvp1_secret/compute_int_171	0	6373355	0	6373356
cvp1_secret_compute_int_143	cvp1_secret/compute_int_143	0	50385818	0	50385819
cvp1_secret_compute_int_169	cvp1_secret/compute_int_169	0	11455075	0	11455075
cvp1_secret_compute_int_141	cvp1_secret/compute_int_141	0	56234128	0	56234128
cvp1_secret_compute_int_170	cvp1_secret/compute_int_170	0	11395883	0	11395884
cvp1_secret_compute_int_154	cvp1_secret/compute_int_154	0	38745272	0	38745272
cvp1_secret_compute_int_146	cvp1_secret/compute_int_146	0	50025538	0	50025538
cvp1_secret_compute_int_148	cvp1_secret/compute_int_148	0	50102888	0	50102889
cvp1_secret_compute_int_15	cvp1_secret/compute_int_15	0	38745302	0	38745303
cvp1_secret_compute_int_14	cvp1_secret/compute_int_14	0	50115690	0	50115690
cvp1_secret_compute_int_164	cvp1_secret/compute_int_164	0	25441521	0	25441521
cvp1_secret_compute_int_16	cvp1_secret/compute_int_16	0	19856124	0	19856124
cvp1_secret_compute_int_150	cvp1_secret/compute_int_150	0	50808548	0	50808548
cvp1_secret_compute_int_151	cvp1_secret/compute_int_151	0	50357860	0	50357860
cvp1_secret_compute_int_133	cvp1_secret/compute_int_133	0	72190942	0	72190942
cvp1_secret_compute_int_149	cvp1_secret/compute_int_149	0	56749808	0	56749808
cvp1_secret_compute_int_182	cvp1_secret/compute_int_182	0	11237009	0	11237009
cvp1_secret_compute_int_157	cvp1_secret/compute_int_157	0	50525442	0	50525442
cvp1_secret_compute_int_176	cvp1_secret/compute_int_176	0	20911407	0	20911407
cvp1_secret_compute_int_155	cvp1_secret/compute_int_155	0	51776651	0	51776652
cvp1_secret_compute_int_191	cvp1_secret/compute_int_191	0	6396405	0	6396405
cvp1_secret_compute_int_165	cvp1_secret/compute_int_165	0	39670289	0	39670290
cvp1_secret_compute_int_168	cvp1_secret/compute_int_168	0	39137738	0	39137738
cvp1_secret_compute_int_162	cvp1_secret/compute_int_162	0	50047426	0	50047426
cvp1_secret_compute_int_183	cvp1_secret/compute_int_183	0	26852583	0	26852584
cvp1_secret_compute_int_179	cvp1_secret/compute_int_179	0	38745115	0	38745116
cvp1_secret_compute_int_167	cvp1_secret/compute_int_167	0	52095391	0	52095392
cvp1_secret_compute_int_194	cvp1_secret/compute_int_194	0	17668065	0	17668066
cvp1_secret_compute_int_198	cvp1_secret/compute_int_198	0	11237009	0	11237009
cvp1_secret_compute_int_172	cvp1_secret/compute_int_172	0	50629478	0	50629478
cvp1_secret_compute_int_175	cvp1_secret/compute_int_175	0	50019913	0	50019913
cvp1_secret_compute_int_173	cvp1_secret/compute_int_173	0	50056947	0	50056948
cvp1_secret_compute_int_178	cvp1_secret/compute_int_178	0	50496756	0	50496756
cvp1_secret_compute_int_174	cvp1_secret/compute_int_174	0	55204860	0	55204861
cvp1_secret_compute_int_180	cvp1_secret/compute_int_180	0	50019064	0	50019065
cvp1_secret_compute_int_17	cvp1_secret/compute_int_17	0	50731717	0	50731717
cvp1_secret_compute_int_206	cvp1_secret/compute_int_206	0	6373351	0	6373351
cvp1_secret_compute_int_185	cvp1_secret/compute_int_185	0	50127515	0	50127516
cvp1_secret_compute_int_166	cvp1_secret/compute_int_166	0	72197117	0	72197117
cvp1_secret_compute_int_193	cvp1_secret/compute_int_193	0	39137972	0	39137973
cvp1_secret_compute_int_184	cvp1_secret/compute_int_184	0	50443755	0	50443756
cvp1_secret_compute_int_187	cvp1_secret/compute_int_187	0	50014468	0	50014469
cvp1_secret_compute_int_186	cvp1_secret/compute_int_186	0	50860810	0	50860811
cvp1_secret_compute_int_188	cvp1_secret/compute_int_188	0	50041759	0	50041760
cvp1_secret_compute_int_195	cvp1_secret/compute_int_195	0	38284208	0	38284209
cvp1_secret_compute_int_18	cvp1_secret/compute_int_18	0	50529947	0	50529948
cvp1_secret_compute_int_189	cvp1_secret/compute_int_189	0	52406094	0	52406095
cvp1_secret_compute_int_190	cvp1_secret/compute_int_190	0	51904314	0	51904314
cvp1_secret_compute_int_211	cvp1_secret/compute_int_211	0	11301048	0	11301048
cvp1_secret_compute_int_192	cvp1_secret/compute_int_192	0	51523897	0	51523897
cvp1_secret_compute_int_181	cvp1_secret/compute_int_181	0	69281678	0	69281679
cvp1_secret_compute_int_215	cvp1_secret/compute_int_215	0	18520126	0	18520127
cvp1_secret_compute_int_197	cvp1_secret/compute_int_197	0	51138658	0	51138659
cvp1_secret_compute_int_218	cvp1_secret/compute_int_218	0	16179201	0	16179202
cvp1_secret_compute_int_201	cvp1_secret/compute_int_201	0	40523002	0	40523002
cvp1_secret_compute_int_212	cvp1_secret/compute_int_212	0	25442527	0	25442527
cvp1_secret_compute_int_202	cvp1_secret/compute_int_202	0	40524900	0	40524901
cvp1_secret_compute_int_196	cvp1_secret/compute_int_196	0	59523703	0	59523704
cvp1_secret_compute_int_203	cvp1_secret/compute_int_203	0	39670196	0	39670197
cvp1_secret_compute_int_220	cvp1_secret/compute_int_220	0	17662943	0	17662944
cvp1_secret_compute_int_19	cvp1_secret/compute_int_19	0	50232452	0	50232452
cvp1_secret_compute_int_217	cvp1_secret/compute_int_217	0	26993839	0	26993840
cvp1_secret_compute_int_208	cvp1_secret/compute_int_208	0	39598578	0	39598579
cvp1_secret_compute_int_200	cvp1_secret/compute_int_200	0	53973865	0	53973865
cvp1_secret_compute_int_226	cvp1_secret/compute_int_226	0	11395883	0	11395884
cvp1_secret_compute_int_227	cvp1_secret/compute_int_227	0	11301048	0	11301048
cvp1_secret_compute_int_223	cvp1_secret/compute_int_223	0	20013254	0	20013254
cvp1_secret_compute_int_205	cvp1_secret/compute_int_205	0	51319568	0	51319568
cvp1_secret_compute_int_204	cvp1_secret/compute_int_204	0	56403122	0	56403123
cvp1_secret_compute_int_225	cvp1_secret/compute_int_225	0	18518077	0	18518078
cvp1_secret_compute_int_207	cvp1_secret/compute_int_207	0	51032811	0	51032812
cvp1_secret_compute_int_219	cvp1_secret/compute_int_219	0	39137012	0	39137012
cvp1_secret_compute_int_209	cvp1_secret/compute_int_209	0	51031157	0	51031157
cvp1_secret_compute_int_236	cvp1_secret/compute_int_236	0	7564761	0	7564761
cvp1_secret_compute_int_214	cvp1_secret/compute_int_214	0	50225896	0	50225896
cvp1_secret_compute_int_210	cvp1_secret/compute_int_210	0	50810041	0	50810042
cvp1_secret_compute_int_237	cvp1_secret/compute_int_237	0	11455075	0	11455075
cvp1_secret_compute_int_216	cvp1_secret/compute_int_216	0	50510133	0	50510133
cvp1_secret_compute_int_126	cvp1_secret/compute_int_126	0	199964662	0	199964663
cvp1_secret_compute_int_21	cvp1_secret/compute_int_21	0	50066166	0	50066166
cvp1_secret_compute_int_245	cvp1_secret/compute_int_245	0	6373363	0	6373364
cvp1_secret_compute_int_244	cvp1_secret/compute_int_244	0	11237009	0	11237009
cvp1_secret_compute_int_221	cvp1_secret/compute_int_221	0	50187776	0	50187776
cvp1_secret_compute_int_113	cvp1_secret/compute_int_113	0	225534592	0	225534593
cvp1_secret_compute_int_22	cvp1_secret/compute_int_22	0	39670508	0	39670508
cvp1_secret_compute_int_224	cvp1_secret/compute_int_224	0	51610379	0	51610380
cvp1_secret_compute_int_228	cvp1_secret/compute_int_228	0	50290428	0	50290429
cvp1_secret_compute_int_229	cvp1_secret/compute_int_229	0	50397731	0	50397731
cvp1_secret_compute_int_230	cvp1_secret/compute_int_230	0	50568801	0	50568802
cvp1_secret_compute_int_231	cvp1_secret/compute_int_231	0	50019081	0	50019082
cvp1_secret_compute_int_232	cvp1_secret/compute_int_232	0	50105155	0	50105155
cvp1_secret_compute_int_234	cvp1_secret/compute_int_234	0	50835555	0	50835556
cvp1_secret_compute_int_233	cvp1_secret/compute_int_233	0	51381939	0	51381940
cvp1_secret_compute_int_222	cvp1_secret/compute_int_222	0	69287086	0	69287086
cvp1_secret_compute_int_235	cvp1_secret/compute_int_235	0	51438553	0	51438554
cvp1_secret_compute_int_257	cvp1_secret/compute_int_257	0	7531603	0	7531603
cvp1_secret_compute_int_238	cvp1_secret/compute_int_238	0	50019833	0	50019833
cvp1_secret_compute_int_239	cvp1_secret/compute_int_239	0	57700695	0	57700695
cvp1_secret_compute_int_256	cvp1_secret/compute_int_256	0	19856122	0	19856122
cvp1_secret_compute_int_241	cvp1_secret/compute_int_241	0	51084351	0	51084352
cvp1_secret_compute_int_240	cvp1_secret/compute_int_240	0	52019438	0	52019438
cvp1_secret_compute_int_177	cvp1_secret/compute_int_177	0	161248863	0	161248863
cvp1_secret_compute_int_242	cvp1_secret/compute_int_242	0	51690600	0	51690600
cvp1_secret_compute_int_243	cvp1_secret/compute_int_243	0	50444049	0	50444049
cvp1_secret_compute_int_246	cvp1_secret/compute_int_246	0	50051930	0	50051930
cvp1_secret_compute_int_254	cvp1_secret/compute_int_254	0	26992562	0	26992563
cvp1_secret_compute_int_249	cvp1_secret/compute_int_249	0	50297199	0	50297199
cvp1_secret_compute_int_270	cvp1_secret/compute_int_270	0	6373348	0	6373349
cvp1_secret_compute_int_247	cvp1_secret/compute_int_247	0	57680070	0	57680071
cvp1_secret_compute_int_23	cvp1_secret/compute_int_23	0	69281826	0	69281827
cvp1_secret_compute_int_260	cvp1_secret/compute_int_260	0	23474628	0	23474628
cvp1_secret_compute_int_140	cvp1_secret/compute_int_140	0	225538434	0	225538435
cvp1_secret_compute_int_248	cvp1_secret/compute_int_248	0	55937036	0	55937036
cvp1_secret_compute_int_24	cvp1_secret/compute_int_24	0	52343379	0	52343380
cvp1_secret_compute_int_161	cvp1_secret/compute_int_161	0	199965021	0	199965021
cvp1_secret_compute_int_250	cvp1_secret/compute_int_250	0	50560431	0	50560432
cvp1_secret_compute_int_251	cvp1_secret/compute_int_251	0	50087774	0	50087774
cvp1_secret_compute_int_26	cvp1_secret/compute_int_26	0	16333293	0	16333294
cvp1_secret_compute_int_252	cvp1_secret/compute_int_252	0	50816668	0	50816669
cvp1_secret_compute_int_253	cvp1_secret/compute_int_253	0	50190852	0	50190853
cvp1_secret_compute_int_255	cvp1_secret/compute_int_255	0	50186781	0	50186782
cvp1_secret_compute_int_275	cvp1_secret/compute_int_275	0	17663700	0	17663701
cvp1_secret_compute_int_282	cvp1_secret/compute_int_282	0	11395883	0	11395884
cvp1_secret_compute_int_284	cvp1_secret/compute_int_284	0	7564749	0	7564750
cvp1_secret_compute_int_258	cvp1_secret/compute_int_258	0	50551858	0	50551858
cvp1_secret_compute_int_274	cvp1_secret/compute_int_274	0	26296372	0	26296372
cvp1_secret_compute_int_25	cvp1_secret/compute_int_25	0	50508585	0	50508586
cvp1_secret_compute_int_261	cvp1_secret/compute_int_261	0	50133331	0	50133331
cvp1_secret_compute_int_199	cvp1_secret/compute_int_199	0	161253440	0	161253441
cvp1_secret_compute_int_27	cvp1_secret/compute_int_27	0	26295312	0	26295313
cvp1_secret_compute_int_263	cvp1_secret/compute_int_263	0	51032579	0	51032580
cvp1_secret_compute_int_262	cvp1_secret/compute_int_262	0	51369948	0	51369949
cvp1_secret_compute_int_281	cvp1_secret/compute_int_281	0	26853554	0	26853555
cvp1_secret_compute_int_269	cvp1_secret/compute_int_269	0	50257247	0	50257247
cvp1_secret_compute_int_264	cvp1_secret/compute_int_264	0	50367460	0	50367461
cvp1_secret_compute_int_259	cvp1_secret/compute_int_259	0	65997619	0	65997620
cvp1_secret_compute_int_278	cvp1_secret/compute_int_278	0	38283275	0	38283275
cvp1_secret_compute_int_265	cvp1_secret/compute_int_265	0	51284566	0	51284567
cvp1_secret_compute_int_266	cvp1_secret/compute_int_266	0	51584358	0	51584359
cvp1_secret_compute_int_271	cvp1_secret/compute_int_271	0	50088994	0	50088994
cvp1_secret_compute_int_267	cvp1_secret/compute_int_267	0	52357658	0	52357659
cvp1_secret_compute_int_158	cvp1_secret/compute_int_158	0	253369324	0	253369325
cvp1_secret_compute_int_272	cvp1_secret/compute_int_272	0	50082416	0	50082416
cvp1_secret_compute_int_283	cvp1_secret/compute_int_283	0	40522031	0	40522032
cvp1_secret_compute_int_276	cvp1_secret/compute_int_276	0	50027732	0	50027733
cvp1_secret_compute_int_273	cvp1_secret/compute_int_273	0	50109459	0	50109460
cvp1_secret_compute_int_293	cvp1_secret/compute_int_293	0	23471468	0	23471468
cvp1_secret_compute_int_279	cvp1_secret/compute_int_279	0	50440377	0	50440378
cvp1_secret_compute_int_280	cvp1_secret/compute_int_280	0	50447490	0	50447490
cvp1_secret_compute_int_29	cvp1_secret/compute_int_29	0	17662781	0	17662781
cvp1_secret_compute_int_308	cvp1_secret/compute_int_308	0	6396390	0	6396390
cvp1_secret_compute_int_299	cvp1_secret/compute_int_299	0	20013252	0	20013252
cvp1_secret_compute_int_296	cvp1_secret/compute_int_296	0	26853449	0	26853450
cvp1_secret_compute_int_306	cvp1_secret/compute_int_306	0	11455075	0	11455075
cvp1_secret_compute_int_277	cvp1_secret/compute_int_277	0	51374815	0	51374815
cvp1_secret_compute_int_305	cvp1_secret/compute_int_305	0	16179201	0	16179202
cvp1_secret_compute_int_285	cvp1_secret/compute_int_285	0	50019049	0	50019049
cvp1_secret_compute_int_300	cvp1_secret/compute_int_300	0	25442368	0	25442369
cvp1_secret_compute_int_310	cvp1_secret/compute_int_310	0	11301048	0	11301048
cvp1_secret_compute_int_303	cvp1_secret/compute_int_303	0	26995445	0	26995445
cvp1_secret_compute_int_313	cvp1_secret/compute_int_313	0	11301048	0	11301048
cvp1_secret_compute_int_286	cvp1_secret/compute_int_286	0	50470420	0	50470421
cvp1_secret_compute_int_287	cvp1_secret/compute_int_287	0	50504042	0	50504043
cvp1_secret_compute_int_288	cvp1_secret/compute_int_288	0	52102710	0	52102710
cvp1_secret_compute_int_28	cvp1_secret/compute_int_28	0	50027334	0	50027334
cvp1_secret_compute_int_320	cvp1_secret/compute_int_320	0	7531571	0	7531571
cvp1_secret_compute_int_289	cvp1_secret/compute_int_289	0	58448996	0	58448997
cvp1_secret_compute_int_314	cvp1_secret/compute_int_314	0	19856122	0	19856122
cvp1_secret_compute_int_290	cvp1_secret/compute_int_290	0	50616769	0	50616769
cvp1_secret_compute_int_294	cvp1_secret/compute_int_294	0	50692144	0	50692145
cvp1_secret_compute_int_304	cvp1_secret/compute_int_304	0	38745143	0	38745144
cvp1_secret_compute_int_291	cvp1_secret/compute_int_291	0	51324299	0	51324299
cvp1_secret_compute_int_20	cvp1_secret/compute_int_20	0	199964864	0	199964864
cvp1_secret_compute_int_301	cvp1_secret/compute_int_301	0	50234740	0	50234741
cvp1_secret_compute_int_298	cvp1_secret/compute_int_298	0	50726071	0	50726071
cvp1_secret_compute_int_295	cvp1_secret/compute_int_295	0	57687245	0	57687246
cvp1_secret_compute_int_325	cvp1_secret/compute_int_325	0	16333293	0	16333294
cvp1_secret_compute_int_297	cvp1_secret/compute_int_297	0	56529982	0	56529982
cvp1_secret_compute_int_319	cvp1_secret/compute_int_319	0	26295816	0	26295817
cvp1_secret_compute_int_292	cvp1_secret/compute_int_292	0	65999065	0	65999065
cvp1_secret_compute_int_302	cvp1_secret/compute_int_302	0	51112234	0	51112235
cvp1_secret_compute_int_312	cvp1_secret/compute_int_312	0	38283269	0	38283269
cvp1_secret_compute_int_324	cvp1_secret/compute_int_324	0	23469754	0	23469754
cvp1_secret_compute_int_317	cvp1_secret/compute_int_317	0	38283135	0	38283136
cvp1_secret_compute_int_326	cvp1_secret/compute_int_326	0	26295261	0	26295262
cvp1_secret_compute_int_331	cvp1_secret/compute_int_331	0	18518275	0	18518275
cvp1_secret_compute_int_307	cvp1_secret/compute_int_307	0	52021607	0	52021608
cvp1_secret_compute_int_309	cvp1_secret/compute_int_309	0	50505844	0	50505844
cvp1_secret_compute_int_311	cvp1_secret/compute_int_311	0	50144742	0	50144742
cvp1_secret_compute_int_31	cvp1_secret/compute_int_31	0	40524781	0	40524781
cvp1_secret_compute_int_323	cvp1_secret/compute_int_323	0	39137821	0	39137821
cvp1_secret_compute_int_315	cvp1_secret/compute_int_315	0	50018914	0	50018915
cvp1_secret_compute_int_213	cvp1_secret/compute_int_213	0	225525055	0	225525056
cvp1_secret_compute_int_336	cvp1_secret/compute_int_336	0	20013254	0	20013254
cvp1_secret_compute_int_322	cvp1_secret/compute_int_322	0	40524976	0	40524976
cvp1_secret_compute_int_335	cvp1_secret/compute_int_335	0	23468827	0	23468827
cvp1_secret_compute_int_348	cvp1_secret/compute_int_348	0	7531598	0	7531598
cvp1_secret_compute_int_316	cvp1_secret/compute_int_316	0	51901044	0	51901044
cvp1_secret_compute_int_30	cvp1_secret/compute_int_30	0	59517967	0	59517968
cvp1_secret_compute_int_318	cvp1_secret/compute_int_318	0	51383259	0	51383259
cvp1_secret_compute_int_351	cvp1_secret/compute_int_351	0	7531614	0	7531615
cvp1_secret_compute_int_33	cvp1_secret/compute_int_33	0	26295925	0	26295925
cvp1_secret_compute_int_321	cvp1_secret/compute_int_321	0	50453918	0	50453918
cvp1_secret_compute_int_346	cvp1_secret/compute_int_346	0	16179201	0	16179202
cvp1_secret_compute_int_330	cvp1_secret/compute_int_330	0	39137787	0	39137787
cvp1_secret_compute_int_355	cvp1_secret/compute_int_355	0	7564744	0	7564745
cvp1_secret_compute_int_341	cvp1_secret/compute_int_341	0	26853707	0	26853708
cvp1_secret_compute_int_343	cvp1_secret/compute_int_343	0	25442435	0	25442435
cvp1_secret_compute_int_357	cvp1_secret/compute_int_357	0	11395883	0	11395884
cvp1_secret_compute_int_327	cvp1_secret/compute_int_327	0	50786487	0	50786487
cvp1_secret_compute_int_328	cvp1_secret/compute_int_328	0	51581003	0	51581004
cvp1_secret_compute_int_329	cvp1_secret/compute_int_329	0	50938617	0	50938618
cvp1_secret_compute_int_356	cvp1_secret/compute_int_356	0	16177386	0	16177386
cvp1_secret_compute_int_32	cvp1_secret/compute_int_32	0	50646348	0	50646349
cvp1_secret_compute_int_363	cvp1_secret/compute_int_363	0	11237009	0	11237009
cvp1_secret_compute_int_358	cvp1_secret/compute_int_358	0	17667303	0	17667303
cvp1_secret_compute_int_332	cvp1_secret/compute_int_332	0	50469460	0	50469461
cvp1_secret_compute_int_337	cvp1_secret/compute_int_337	0	50019527	0	50019528
cvp1_secret_compute_int_339	cvp1_secret/compute_int_339	0	51265615	0	51265615
cvp1_secret_compute_int_334	cvp1_secret/compute_int_334	0	55012251	0	55012252
cvp1_secret_compute_int_338	cvp1_secret/compute_int_338	0	51458404	0	51458405
cvp1_secret_compute_int_340	cvp1_secret/compute_int_340	0	57693570	0	57693570
cvp1_secret_compute_int_342	cvp1_secret/compute_int_342	0	51024156	0	51024157
cvp1_secret_compute_int_372	cvp1_secret/compute_int_372	0	16179201	0	16179202
cvp1_secret_compute_int_371	cvp1_secret/compute_int_371	0	19856124	0	19856124
cvp1_secret_compute_int_344	cvp1_secret/compute_int_344	0	51657244	0	51657245
cvp1_secret_compute_int_359	cvp1_secret/compute_int_359	0	39599109	0	39599110
cvp1_secret_compute_int_333	cvp1_secret/compute_int_333	0	71962823	0	71962823
cvp1_secret_compute_int_345	cvp1_secret/compute_int_345	0	53192933	0	53192933
cvp1_secret_compute_int_362	cvp1_secret/compute_int_362	0	38284018	0	38284018
cvp1_secret_compute_int_34	cvp1_secret/compute_int_34	0	50470790	0	50470790
cvp1_secret_compute_int_350	cvp1_secret/compute_int_350	0	51947076	0	51947076
cvp1_secret_compute_int_349	cvp1_secret/compute_int_349	0	51942358	0	51942359
cvp1_secret_compute_int_352	cvp1_secret/compute_int_352	0	50328562	0	50328563
cvp1_secret_compute_int_354	cvp1_secret/compute_int_354	0	50003714	0	50003714
cvp1_secret_compute_int_379	cvp1_secret/compute_int_379	0	11301048	0	11301048
cvp1_secret_compute_int_376	cvp1_secret/compute_int_376	0	20013256	0	20013256
cvp1_secret_compute_int_37	cvp1_secret/compute_int_37	0	11301048	0	11301048
cvp1_secret_compute_int_383	cvp1_secret/compute_int_383	0	7531622	0	7531622
cvp1_secret_compute_int_35	cvp1_secret/compute_int_35	0	50175798	0	50175799
cvp1_secret_compute_int_367	cvp1_secret/compute_int_367	0	39670445	0	39670446
cvp1_secret_compute_int_389	cvp1_secret/compute_int_389	0	6723123	0	6723123
cvp1_secret_compute_int_361	cvp1_secret/compute_int_361	0	50058695	0	50058695
cvp1_secret_compute_int_360	cvp1_secret/compute_int_360	0	51799863	0	51799864
cvp1_secret_compute_int_378	cvp1_secret/compute_int_378	0	23465698	0	23465698
cvp1_secret_compute_int_353	cvp1_secret/compute_int_353	0	65994905	0	65994905
cvp1_secret_compute_int_388	cvp1_secret/compute_int_388	0	16333293	0	16333294
cvp1_secret_compute_int_364	cvp1_secret/compute_int_364	0	55862395	0	55862395
cvp1_secret_compute_int_375	cvp1_secret/compute_int_375	0	38745002	0	38745002
cvp1_secret_compute_int_36	cvp1_secret/compute_int_36	0	50434962	0	50434962
cvp1_secret_compute_int_365	cvp1_secret/compute_int_365	0	57700744	0	57700745
cvp1_secret_compute_int_370	cvp1_secret/compute_int_370	0	50208790	0	50208790
cvp1_secret_compute_int_366	cvp1_secret/compute_int_366	0	56544409	0	56544409
cvp1_secret_compute_int_268	cvp1_secret/compute_int_268	0	199970382	0	199970383
cvp1_secret_compute_int_393	cvp1_secret/compute_int_393	0	17663529	0	17663529
cvp1_secret_compute_int_394	cvp1_secret/compute_int_394	0	18519009	0	18519009
cvp1_secret_compute_int_368	cvp1_secret/compute_int_368	0	51453715	0	51453715
cvp1_secret_compute_int_395	cvp1_secret/compute_int_395	0	20013256	0	20013256
cvp1_secret_compute_int_373	cvp1_secret/compute_int_373	0	50034657	0	50034657
cvp1_secret_compute_int_374	cvp1_secret/compute_int_374	0	50011498	0	50011498
cvp1_secret_compute_int_381	cvp1_secret/compute_int_381	0	39599666	0	39599667
cvp1_secret_compute_int_399	cvp1_secret/compute_int_399	0	23474557	0	23474558
cvp1_secret_compute_int_377	cvp1_secret/compute_int_377	0	50608151	0	50608151
cvp1_secret_compute_int_402	cvp1_secret/compute_int_402	0	17665693	0	17665694
cvp1_secret_compute_int_404	cvp1_secret/compute_int_404	0	16179201	0	16179202
cvp1_secret_compute_int_390	cvp1_secret/compute_int_390	0	38284500	0	38284501
cvp1_secret_compute_int_387	cvp1_secret/compute_int_387	0	40524882	0	40524883
cvp1_secret_compute_int_392	cvp1_secret/compute_int_392	0	39599034	0	39599035
cvp1_secret_compute_int_380	cvp1_secret/compute_int_380	0	50803046	0	50803047
cvp1_secret_compute_int_413	cvp1_secret/compute_int_413	0	6723123	0	6723123
cvp1_secret_compute_int_409	cvp1_secret/compute_int_409	0	18517376	0	18517377
cvp1_secret_compute_int_384	cvp1_secret/compute_int_384	0	50175986	0	50175987
cvp1_secret_compute_int_385	cvp1_secret/compute_int_385	0	50037416	0	50037416
cvp1_secret_compute_int_382	cvp1_secret/compute_int_382	0	50543422	0	50543423
cvp1_secret_compute_int_405	cvp1_secret/compute_int_405	0	26993819	0	26993820
cvp1_secret_compute_int_386	cvp1_secret/compute_int_386	0	51748259	0	51748260
cvp1_secret_compute_int_38	cvp1_secret/compute_int_38	0	50316440	0	50316441
cvp1_secret_compute_int_420	cvp1_secret/compute_int_420	0	7531603	0	7531603
cvp1_secret_compute_int_410	cvp1_secret/compute_int_410	0	25442718	0	25442718
cvp1_secret_compute_int_401	cvp1_secret/compute_int_401	0	39138807	0	39138808
cvp1_secret_compute_int_422	cvp1_secret/compute_int_422	0	11395883	0	11395884
cvp1_secret_compute_int_391	cvp1_secret/compute_int_391	0	51587265	0	51587266
cvp1_secret_compute_int_423	cvp1_secret/compute_int_423	0	11455075	0	11455075
cvp1_secret_compute_int_396	cvp1_secret/compute_int_396	0	51051779	0	51051780
cvp1_secret_compute_int_426	cvp1_secret/compute_int_426	0	7564717	0	7564718
cvp1_secret_compute_int_397	cvp1_secret/compute_int_397	0	50688393	0	50688394
cvp1_secret_compute_int_398	cvp1_secret/compute_int_398	0	50307708	0	50307708
cvp1_secret_compute_int_419	cvp1_secret/compute_int_419	0	16333293	0	16333294
cvp1_secret_compute_int_414	cvp1_secret/compute_int_414	0	23468756	0	23468757
cvp1_secret_compute_int_42	cvp1_secret/compute_int_42	0	6396386	0	6396386
cvp1_secret_compute_int_39	cvp1_secret/compute_int_39	0	50323815	0	50323815
cvp1_secret_compute_int_3	cvp1_secret/compute_int_3	0	50005246	0	50005246
cvp1_secret_compute_int_407	cvp1_secret/compute_int_407	0	44973398	0	44973399
cvp1_secret_compute_int_40	cvp1_secret/compute_int_40	0	38284109	0	38284109
cvp1_secret_compute_int_418	cvp1_secret/compute_int_418	0	26296280	0	26296280
cvp1_secret_compute_int_432	cvp1_secret/compute_int_432	0	11237009	0	11237009
cvp1_secret_compute_int_408	cvp1_secret/compute_int_408	0	50849668	0	50849669
cvp1_secret_compute_int_403	cvp1_secret/compute_int_403	0	50058897	0	50058897
cvp1_secret_compute_int_406	cvp1_secret/compute_int_406	0	50011856	0	50011856
cvp1_secret_compute_int_442	cvp1_secret/compute_int_442	0	6710244	0	6710245
cvp1_secret_compute_int_412	cvp1_secret/compute_int_412	0	38745437	0	38745437
cvp1_secret_compute_int_417	cvp1_secret/compute_int_417	0	39597900	0	39597900
cvp1_secret_compute_int_435	cvp1_secret/compute_int_435	0	23474608	0	23474609
cvp1_secret_compute_int_400	cvp1_secret/compute_int_400	0	65995730	0	65995730
cvp1_secret_compute_int_411	cvp1_secret/compute_int_411	0	50328242	0	50328242
cvp1_secret_compute_int_448	cvp1_secret/compute_int_448	0	11237009	0	11237009
cvp1_secret_compute_int_449	cvp1_secret/compute_int_449	0	7564768	0	7564769
cvp1_secret_compute_int_415	cvp1_secret/compute_int_415	0	56126368	0	56126369
cvp1_secret_compute_int_416	cvp1_secret/compute_int_416	0	51302037	0	51302037
cvp1_secret_compute_int_424	cvp1_secret/compute_int_424	0	50005749	0	50005749
cvp1_secret_compute_int_347	cvp1_secret/compute_int_347	0	156245087	0	156245087
cvp1_secret_compute_int_421	cvp1_secret/compute_int_421	0	56209857	0	56209858
cvp1_secret_compute_int_425	cvp1_secret/compute_int_425	0	50055778	0	50055778
cvp1_secret_compute_int_427	cvp1_secret/compute_int_427	0	50002444	0	50002444
cvp1_secret_compute_int_455	cvp1_secret/compute_int_455	0	11395883	0	11395884
cvp1_secret_compute_int_428	cvp1_secret/compute_int_428	0	50280783	0	50280784
cvp1_secret_compute_int_441	cvp1_secret/compute_int_441	0	38745133	0	38745133
cvp1_secret_compute_int_429	cvp1_secret/compute_int_429	0	50059373	0	50059374
cvp1_secret_compute_int_456	cvp1_secret/compute_int_456	0	11455075	0	11455075
cvp1_secret_compute_int_431	cvp1_secret/compute_int_431	0	50003014	0	50003015
cvp1_secret_compute_int_433	cvp1_secret/compute_int_433	0	50065321	0	50065321
cvp1_secret_compute_int_45	cvp1_secret/compute_int_45	0	6373373	0	6373373
cvp1_secret_compute_int_430	cvp1_secret/compute_int_430	0	53352664	0	53352665
cvp1_secret_compute_int_436	cvp1_secret/compute_int_436	0	51523672	0	51523672
cvp1_secret_compute_int_434	cvp1_secret/compute_int_434	0	53882782	0	53882782
cvp1_secret_compute_int_443	cvp1_secret/compute_int_443	0	39599870	0	39599870
cvp1_secret_compute_int_43	cvp1_secret/compute_int_43	0	50043787	0	50043787
cvp1_secret_compute_int_439	cvp1_secret/compute_int_439	0	50447470	0	50447470
cvp1_secret_compute_int_440	cvp1_secret/compute_int_440	0	50003742	0	50003743
cvp1_secret_compute_int_465	cvp1_secret/compute_int_465	0	11395883	0	11395884
cvp1_secret_compute_int_459	cvp1_secret/compute_int_459	0	17667441	0	17667441
cvp1_secret_compute_int_369	cvp1_secret/compute_int_369	0	156247224	0	156247224
cvp1_secret_compute_int_446	cvp1_secret/compute_int_446	0	50550347	0	50550347
cvp1_secret_compute_int_451	cvp1_secret/compute_int_451	0	39598054	0	39598055
cvp1_secret_compute_int_453	cvp1_secret/compute_int_453	0	40522923	0	40522924
cvp1_secret_compute_int_447	cvp1_secret/compute_int_447	0	51314364	0	51314364
cvp1_secret_compute_int_444	cvp1_secret/compute_int_444	0	51685388	0	51685389
cvp1_secret_compute_int_469	cvp1_secret/compute_int_469	0	16333293	0	16333294
cvp1_secret_compute_int_438	cvp1_secret/compute_int_438	0	65999328	0	65999329
cvp1_secret_compute_int_476	cvp1_secret/compute_int_476	0	7564749	0	7564750
cvp1_secret_compute_int_463	cvp1_secret/compute_int_463	0	25441436	0	25441437
cvp1_secret_compute_int_445	cvp1_secret/compute_int_445	0	60580175	0	60580176
cvp1_secret_compute_int_44	cvp1_secret/compute_int_44	0	51639399	0	51639400
cvp1_secret_compute_int_478	cvp1_secret/compute_int_478	0	11301048	0	11301048
cvp1_secret_compute_int_457	cvp1_secret/compute_int_457	0	39138578	0	39138578
cvp1_secret_compute_int_450	cvp1_secret/compute_int_450	0	50851684	0	50851684
cvp1_secret_compute_int_452	cvp1_secret/compute_int_452	0	53578676	0	53578676
cvp1_secret_compute_int_472	cvp1_secret/compute_int_472	0	23468789	0	23468790
cvp1_secret_compute_int_474	cvp1_secret/compute_int_474	0	19856120	0	19856120
cvp1_secret_compute_int_454	cvp1_secret/compute_int_454	0	50003714	0	50003714
cvp1_secret_compute_int_485	cvp1_secret/compute_int_485	0	6710244	0	6710245
cvp1_secret_compute_int_461	cvp1_secret/compute_int_461	0	39668609	0	39668610
cvp1_secret_compute_int_491	cvp1_secret/compute_int_491	0	11455075	0	11455075
cvp1_secret_compute_int_460	cvp1_secret/compute_int_460	0	44998134	0	44998135
cvp1_secret_compute_int_47	cvp1_secret/compute_int_47	0	25442520	0	25442521
cvp1_secret_compute_int_458	cvp1_secret/compute_int_458	0	50457682	0	50457683
cvp1_secret_compute_int_488	cvp1_secret/compute_int_488	0	16333293	0	16333294
cvp1_secret_compute_int_471	cvp1_secret/compute_int_471	0	38744757	0	38744757
cvp1_secret_compute_int_462	cvp1_secret/compute_int_462	0	51356862	0	51356863
cvp1_secret_compute_int_437	cvp1_secret/compute_int_437	0	99613441	0	99613441
cvp1_secret_compute_int_493	cvp1_secret/compute_int_493	0	17664561	0	17664562
cvp1_secret_compute_int_466	cvp1_secret/compute_int_466	0	50958107	0	50958108
cvp1_secret_compute_int_499	cvp1_secret/compute_int_499	0	6723123	0	6723123
cvp1_secret_compute_int_464	cvp1_secret/compute_int_464	0	50828376	0	50828377
cvp1_secret_compute_int_468	cvp1_secret/compute_int_468	0	51296853	0	51296854
cvp1_secret_compute_int_48	cvp1_secret/compute_int_48	0	26852611	0	26852612
cvp1_secret_compute_int_492	cvp1_secret/compute_int_492	0	26295987	0	26295987
cvp1_secret_compute_int_470	cvp1_secret/compute_int_470	0	50435607	0	50435607
cvp1_secret_compute_int_483	cvp1_secret/compute_int_483	0	38745233	0	38745234
cvp1_secret_compute_int_496	cvp1_secret/compute_int_496	0	18521624	0	18521624
cvp1_secret_compute_int_46	cvp1_secret/compute_int_46	0	51971030	0	51971030
cvp1_secret_compute_int_473	cvp1_secret/compute_int_473	0	52549929	0	52549930
cvp1_secret_compute_int_497	cvp1_secret/compute_int_497	0	20013256	0	20013256
cvp1_secret_compute_int_475	cvp1_secret/compute_int_475	0	52321479	0	52321479
cvp1_secret_compute_int_481	cvp1_secret/compute_int_481	0	44981276	0	44981276
cvp1_secret_compute_int_479	cvp1_secret/compute_int_479	0	50580975	0	50580975
cvp1_secret_compute_int_477	cvp1_secret/compute_int_477	0	52023151	0	52023151
cvp1_secret_compute_int_480	cvp1_secret/compute_int_480	0	50945301	0	50945301
cvp1_secret_compute_int_482	cvp1_secret/compute_int_482	0	50831044	0	50831044
cvp1_secret_compute_int_512	cvp1_secret/compute_int_512	0	11301048	0	11301048
cvp1_secret_compute_int_484	cvp1_secret/compute_int_484	0	51509022	0	51509022
cvp1_secret_compute_int_515	cvp1_secret/compute_int_515	0	11237009	0	11237009
cvp1_secret_compute_int_487	cvp1_secret/compute_int_487	0	50753726	0	50753726
cvp1_secret_compute_int_489	cvp1_secret/compute_int_489	0	51313300	0	51313300
cvp1_secret_compute_int_486	cvp1_secret/compute_int_486	0	51299366	0	51299367
cvp1_secret_compute_int_506	cvp1_secret/compute_int_506	0	26853707	0	26853708
cvp1_secret_compute_int_490	cvp1_secret/compute_int_490	0	51519655	0	51519655
cvp1_secret_compute_int_501	cvp1_secret/compute_int_501	0	39137633	0	39137633
cvp1_secret_compute_int_494	cvp1_secret/compute_int_494	0	51969611	0	51969611
cvp1_secret_compute_int_524	cvp1_secret/compute_int_524	0	11301048	0	11301048
cvp1_secret_compute_int_498	cvp1_secret/compute_int_498	0	50394599	0	50394600
cvp1_secret_compute_int_495	cvp1_secret/compute_int_495	0	51998317	0	51998318
cvp1_secret_compute_int_51	cvp1_secret/compute_int_51	0	20013256	0	20013256
cvp1_secret_compute_int_503	cvp1_secret/compute_int_503	0	44990236	0	44990236
cvp1_secret_compute_int_500	cvp1_secret/compute_int_500	0	51546249	0	51546250
cvp1_secret_compute_int_505	cvp1_secret/compute_int_505	0	50139795	0	50139796
cvp1_secret_compute_int_508	cvp1_secret/compute_int_508	0	50137299	0	50137300
cvp1_secret_compute_int_530	cvp1_secret/compute_int_530	0	11455075	0	11455075
cvp1_secret_compute_int_504	cvp1_secret/compute_int_504	0	51556611	0	51556612
cvp1_secret_compute_int_502	cvp1_secret/compute_int_502	0	57687196	0	57687196
cvp1_secret_compute_int_531	cvp1_secret/compute_int_531	0	11395883	0	11395884
cvp1_secret_compute_int_50	cvp1_secret/compute_int_50	0	50249466	0	50249466
cvp1_secret_compute_int_510	cvp1_secret/compute_int_510	0	50296814	0	50296815
cvp1_secret_compute_int_519	cvp1_secret/compute_int_519	0	38744093	0	38744093
cvp1_secret_compute_int_49	cvp1_secret/compute_int_49	0	69281588	0	69281589
cvp1_secret_compute_int_513	cvp1_secret/compute_int_513	0	50625898	0	50625899
cvp1_secret_compute_int_509	cvp1_secret/compute_int_509	0	52163558	0	52163559
cvp1_secret_compute_int_514	cvp1_secret/compute_int_514	0	51686784	0	51686785
cvp1_secret_compute_int_511	cvp1_secret/compute_int_511	0	56460421	0	56460422
cvp1_secret_compute_int_518	cvp1_secret/compute_int_518	0	50507619	0	50507620
cvp1_secret_compute_int_520	cvp1_secret/compute_int_520	0	50040560	0	50040560
cvp1_secret_compute_int_526	cvp1_secret/compute_int_526	0	39599008	0	39599008
cvp1_secret_compute_int_532	cvp1_secret/compute_int_532	0	25442627	0	25442627
cvp1_secret_compute_int_516	cvp1_secret/compute_int_516	0	60669624	0	60669624
cvp1_secret_compute_int_521	cvp1_secret/compute_int_521	0	51280157	0	51280158
cvp1_secret_compute_int_523	cvp1_secret/compute_int_523	0	50313705	0	50313706
cvp1_secret_compute_int_522	cvp1_secret/compute_int_522	0	51736123	0	51736123
cvp1_secret_compute_int_544	cvp1_secret/compute_int_544	0	16179201	0	16179202
cvp1_secret_compute_int_545	cvp1_secret/compute_int_545	0	16333293	0	16333294
cvp1_secret_compute_int_517	cvp1_secret/compute_int_517	0	65851569	0	65851570
cvp1_secret_compute_int_527	cvp1_secret/compute_int_527	0	50409586	0	50409586
cvp1_secret_compute_int_528	cvp1_secret/compute_int_528	0	50040267	0	50040268
cvp1_secret_compute_int_52	cvp1_secret/compute_int_52	0	50003020	0	50003020
cvp1_secret_compute_int_529	cvp1_secret/compute_int_529	0	50019514	0	50019515
cvp1_secret_compute_int_551	cvp1_secret/compute_int_551	0	11301048	0	11301048
cvp1_secret_compute_int_554	cvp1_secret/compute_int_554	0	11395883	0	11395884
cvp1_secret_compute_int_548	cvp1_secret/compute_int_548	0	18521143	0	18521143
cvp1_secret_compute_int_54	cvp1_secret/compute_int_54	0	18518137	0	18518138
cvp1_secret_compute_int_546	cvp1_secret/compute_int_546	0	26993819	0	26993820
cvp1_secret_compute_int_541	cvp1_secret/compute_int_541	0	39137344	0	39137345
cvp1_secret_compute_int_543	cvp1_secret/compute_int_543	0	38745159	0	38745160
cvp1_secret_compute_int_467	cvp1_secret/compute_int_467	0	156255456	0	156255456
cvp1_secret_compute_int_41	cvp1_secret/compute_int_41	0	225541665	0	225541665
cvp1_secret_compute_int_550	cvp1_secret/compute_int_550	0	25442676	0	25442676
cvp1_secret_compute_int_534	cvp1_secret/compute_int_534	0	50525148	0	50525149
cvp1_secret_compute_int_539	cvp1_secret/compute_int_539	0	52735909	0	52735910
cvp1_secret_compute_int_558	cvp1_secret/compute_int_558	0	16333293	0	16333294
cvp1_secret_compute_int_535	cvp1_secret/compute_int_535	0	52359341	0	52359342
cvp1_secret_compute_int_53	cvp1_secret/compute_int_53	0	50059602	0	50059602
cvp1_secret_compute_int_533	cvp1_secret/compute_int_533	0	57751292	0	57751293
cvp1_secret_compute_int_540	cvp1_secret/compute_int_540	0	50027538	0	50027539
cvp1_secret_compute_int_536	cvp1_secret/compute_int_536	0	56696398	0	56696398
cvp1_secret_compute_int_542	cvp1_secret/compute_int_542	0	50510254	0	50510254
cvp1_secret_compute_int_562	cvp1_secret/compute_int_562	0	17666558	0	17666559
cvp1_secret_compute_int_564	cvp1_secret/compute_int_564	0	18521379	0	18521380
cvp1_secret_compute_int_565	cvp1_secret/compute_int_565	0	20013256	0	20013256
cvp1_secret_compute_int_552	cvp1_secret/compute_int_552	0	39598697	0	39598698
cvp1_secret_compute_int_576	cvp1_secret/compute_int_576	0	11301048	0	11301048
cvp1_secret_compute_int_537	cvp1_secret/compute_int_537	0	65850744	0	65850745
cvp1_secret_compute_int_553	cvp1_secret/compute_int_553	0	40524818	0	40524819
cvp1_secret_compute_int_547	cvp1_secret/compute_int_547	0	51369766	0	51369766
cvp1_secret_compute_int_559	cvp1_secret/compute_int_559	0	38283886	0	38283887
cvp1_secret_compute_int_556	cvp1_secret/compute_int_556	0	40524637	0	40524638
cvp1_secret_compute_int_55	cvp1_secret/compute_int_55	0	39138022	0	39138022
cvp1_secret_compute_int_580	cvp1_secret/compute_int_580	0	11301048	0	11301048
cvp1_secret_compute_int_549	cvp1_secret/compute_int_549	0	56460130	0	56460131
cvp1_secret_compute_int_571	cvp1_secret/compute_int_571	0	26993561	0	26993562
cvp1_secret_compute_int_555	cvp1_secret/compute_int_555	0	53165097	0	53165098
cvp1_secret_compute_int_577	cvp1_secret/compute_int_577	0	26855333	0	26855333
cvp1_secret_compute_int_566	cvp1_secret/compute_int_566	0	39137704	0	39137705
cvp1_secret_compute_int_561	cvp1_secret/compute_int_561	0	50062659	0	50062660
cvp1_secret_compute_int_585	cvp1_secret/compute_int_585	0	16333293	0	16333294
cvp1_secret_compute_int_557	cvp1_secret/compute_int_557	0	59517975	0	59517975
cvp1_secret_compute_int_560	cvp1_secret/compute_int_560	0	51610365	0	51610366
cvp1_secret_compute_int_538	cvp1_secret/compute_int_538	0	99805984	0	99805984
cvp1_secret_compute_int_567	cvp1_secret/compute_int_567	0	50064344	0	50064344
cvp1_secret_compute_int_568	cvp1_secret/compute_int_568	0	50042778	0	50042779
cvp1_secret_compute_int_569	cvp1_secret/compute_int_569	0	50603431	0	50603431
cvp1_secret_compute_int_590	cvp1_secret/compute_int_590	0	17666246	0	17666247
cvp1_secret_compute_int_56	cvp1_secret/compute_int_56	0	52922712	0	52922713
cvp1_secret_compute_int_507	cvp1_secret/compute_int_507	0	156245292	0	156245293
cvp1_secret_compute_int_588	cvp1_secret/compute_int_588	0	26296294	0	26296294
cvp1_secret_compute_int_572	cvp1_secret/compute_int_572	0	50554090	0	50554091
cvp1_secret_compute_int_570	cvp1_secret/compute_int_570	0	54121064	0	54121064
cvp1_secret_compute_int_57	cvp1_secret/compute_int_57	0	40522763	0	40522763
cvp1_secret_compute_int_574	cvp1_secret/compute_int_574	0	51125871	0	51125872
cvp1_secret_compute_int_573	cvp1_secret/compute_int_573	0	52370433	0	52370434
cvp1_secret_compute_int_575	cvp1_secret/compute_int_575	0	56485698	0	56485698
cvp1_secret_compute_int_583	cvp1_secret/compute_int_583	0	38744264	0	38744265
cvp1_secret_compute_int_5	cvp1_secret/compute_int_5	0	11395883	0	11395884
cvp1_secret_compute_int_578	cvp1_secret/compute_int_578	0	51689893	0	51689893
cvp1_secret_compute_int_602	cvp1_secret/compute_int_602	0	11395883	0	11395884
cvp1_secret_compute_int_579	cvp1_secret/compute_int_579	0	50433860	0	50433861
cvp1_secret_compute_int_581	cvp1_secret/compute_int_581	0	52678985	0	52678985
cvp1_secret_compute_int_605	cvp1_secret/compute_int_605	0	16179201	0	16179202
cvp1_secret_compute_int_582	cvp1_secret/compute_int_582	0	56460104	0	56460104
cvp1_secret_compute_int_606	cvp1_secret/compute_int_606	0	16333293	0	16333294
cvp1_secret_compute_int_584	cvp1_secret/compute_int_584	0	50690626	0	50690626
cvp1_secret_compute_int_59	cvp1_secret/compute_int_59	0	26853775	0	26853776
cvp1_secret_compute_int_586	cvp1_secret/compute_int_586	0	51154216	0	51154217
cvp1_secret_compute_int_587	cvp1_secret/compute_int_587	0	51584555	0	51584555
cvp1_secret_compute_int_601	cvp1_secret/compute_int_601	0	25442410	0	25442410
cvp1_secret_compute_int_589	cvp1_secret/compute_int_589	0	50178551	0	50178551
cvp1_secret_compute_int_525	cvp1_secret/compute_int_525	0	156393465	0	156393465
cvp1_secret_compute_int_58	cvp1_secret/compute_int_58	0	50019100	0	50019101
cvp1_secret_compute_int_609	cvp1_secret/compute_int_609	0	19856124	0	19856124
cvp1_secret_compute_int_614	cvp1_secret/compute_int_614	0	11237009	0	11237009
cvp1_secret_compute_int_591	cvp1_secret/compute_int_591	0	50841398	0	50841399
cvp1_secret_compute_int_618	cvp1_secret/compute_int_618	0	11455075	0	11455075
cvp1_secret_compute_int_599	cvp1_secret/compute_int_599	0	39668611	0	39668612
cvp1_secret_compute_int_615	cvp1_secret/compute_int_615	0	17665023	0	17665024
cvp1_secret_compute_int_620	cvp1_secret/compute_int_620	0	11395883	0	11395884
cvp1_secret_compute_int_594	cvp1_secret/compute_int_594	0	50519961	0	50519962
cvp1_secret_compute_int_592	cvp1_secret/compute_int_592	0	50523278	0	50523279
cvp1_secret_compute_int_593	cvp1_secret/compute_int_593	0	50525755	0	50525755
cvp1_secret_compute_int_596	cvp1_secret/compute_int_596	0	50026114	0	50026114
cvp1_secret_compute_int_595	cvp1_secret/compute_int_595	0	53096893	0	53096893
cvp1_secret_compute_int_598	cvp1_secret/compute_int_598	0	51196430	0	51196430
cvp1_secret_compute_int_597	cvp1_secret/compute_int_597	0	52041683	0	52041683
cvp1_secret_compute_int_608	cvp1_secret/compute_int_608	0	38744189	0	38744190
cvp1_secret_compute_int_603	cvp1_secret/compute_int_603	0	50057587	0	50057588
cvp1_secret_compute_int_60	cvp1_secret/compute_int_60	0	38283790	0	38283790
cvp1_secret_compute_int_604	cvp1_secret/compute_int_604	0	50526925	0	50526925
cvp1_secret_compute_int_62	cvp1_secret/compute_int_62	0	17664749	0	17664749
cvp1_secret_compute_int_600	cvp1_secret/compute_int_600	0	56485671	0	56485672
cvp1_secret_compute_int_613	cvp1_secret/compute_int_613	0	38284012	0	38284012
cvp1_secret_compute_int_630	cvp1_secret/compute_int_630	0	20013254	0	20013254
cvp1_secret_compute_int_636	cvp1_secret/compute_int_636	0	11455075	0	11455075
cvp1_secret_compute_int_607	cvp1_secret/compute_int_607	0	51514512	0	51514513
cvp1_secret_compute_int_616	cvp1_secret/compute_int_616	0	39598558	0	39598559
cvp1_secret_compute_int_629	cvp1_secret/compute_int_629	0	25442305	0	25442306
cvp1_secret_compute_int_619	cvp1_secret/compute_int_619	0	40524845	0	40524846
cvp1_secret_compute_int_635	cvp1_secret/compute_int_635	0	16179201	0	16179202
cvp1_secret_compute_int_611	cvp1_secret/compute_int_611	0	51391746	0	51391747
cvp1_secret_compute_int_623	cvp1_secret/compute_int_623	0	39670385	0	39670386
cvp1_secret_compute_int_4	cvp1_secret/compute_int_4	0	225545275	0	225545275
cvp1_secret_compute_int_633	cvp1_secret/compute_int_633	0	26993819	0	26993820
cvp1_secret_compute_int_617	cvp1_secret/compute_int_617	0	50564850	0	50564850
cvp1_secret_compute_int_61	cvp1_secret/compute_int_61	0	50071178	0	50071178
cvp1_secret_compute_int_643	cvp1_secret/compute_int_643	0	17664039	0	17664040
cvp1_secret_compute_int_639	cvp1_secret/compute_int_639	0	26295069	0	26295069
cvp1_secret_compute_int_621	cvp1_secret/compute_int_621	0	50484487	0	50484488
cvp1_secret_compute_int_612	cvp1_secret/compute_int_612	0	65855201	0	65855202
cvp1_secret_compute_int_622	cvp1_secret/compute_int_622	0	50600321	0	50600321
cvp1_secret_compute_int_624	cvp1_secret/compute_int_624	0	50728013	0	50728013
cvp1_secret_compute_int_625	cvp1_secret/compute_int_625	0	50019707	0	50019707
cvp1_secret_compute_int_628	cvp1_secret/compute_int_628	0	50253058	0	50253058
cvp1_secret_compute_int_626	cvp1_secret/compute_int_626	0	51387362	0	51387363
cvp1_secret_compute_int_647	cvp1_secret/compute_int_647	0	26852450	0	26852451
cvp1_secret_compute_int_563	cvp1_secret/compute_int_563	0	156403621	0	156403622
cvp1_secret_compute_int_631	cvp1_secret/compute_int_631	0	50939254	0	50939255
cvp1_secret_compute_int_632	cvp1_secret/compute_int_632	0	50920508	0	50920508
cvp1_secret_compute_int_64	cvp1_secret/compute_int_64	0	26295886	0	26295886
cvp1_secret_compute_int_634	cvp1_secret/compute_int_634	0	50019539	0	50019540
cvp1_secret_compute_int_656	cvp1_secret/compute_int_656	0	18517214	0	18517214
cvp1_secret_compute_int_642	cvp1_secret/compute_int_642	0	39598984	0	39598984
cvp1_secret_compute_int_657	cvp1_secret/compute_int_657	0	19856120	0	19856120
cvp1_secret_compute_int_637	cvp1_secret/compute_int_637	0	50019709	0	50019709
cvp1_secret_compute_int_644	cvp1_secret/compute_int_644	0	38283455	0	38283456
cvp1_secret_compute_int_627	cvp1_secret/compute_int_627	0	65854930	0	65854930
cvp1_secret_compute_int_638	cvp1_secret/compute_int_638	0	50007103	0	50007103
cvp1_secret_compute_int_648	cvp1_secret/compute_int_648	0	40524771	0	40524771
cvp1_secret_compute_int_655	cvp1_secret/compute_int_655	0	26993666	0	26993667
cvp1_secret_compute_int_66	cvp1_secret/compute_int_66	0	6373344	0	6373345
cvp1_secret_compute_int_641	cvp1_secret/compute_int_641	0	50059988	0	50059989
cvp1_secret_compute_int_640	cvp1_secret/compute_int_640	0	51763475	0	51763476
cvp1_secret_compute_int_669	cvp1_secret/compute_int_669	0	11455075	0	11455075
cvp1_secret_compute_int_646	cvp1_secret/compute_int_646	0	50723406	0	50723406
cvp1_secret_compute_int_670	cvp1_secret/compute_int_670	0	16333293	0	16333294
cvp1_secret_compute_int_653	cvp1_secret/compute_int_653	0	39670433	0	39670433
cvp1_secret_compute_int_649	cvp1_secret/compute_int_649	0	51348224	0	51348224
cvp1_secret_compute_int_651	cvp1_secret/compute_int_651	0	50003389	0	50003390
cvp1_secret_compute_int_650	cvp1_secret/compute_int_650	0	50340167	0	50340167
cvp1_secret_compute_int_672	cvp1_secret/compute_int_672	0	26296068	0	26296068
cvp1_secret_compute_int_652	cvp1_secret/compute_int_652	0	56460122	0	56460122
cvp1_secret_compute_int_675	cvp1_secret/compute_int_675	0	26296340	0	26296341
cvp1_secret_compute_int_654	cvp1_secret/compute_int_654	0	57032596	0	57032596
cvp1_secret_compute_int_658	cvp1_secret/compute_int_658	0	51386907	0	51386907
cvp1_secret_compute_int_659	cvp1_secret/compute_int_659	0	51626316	0	51626316
cvp1_secret_compute_int_65	cvp1_secret/compute_int_65	0	50813123	0	50813124
cvp1_secret_compute_int_661	cvp1_secret/compute_int_661	0	50019722	0	50019722
cvp1_secret_compute_int_662	cvp1_secret/compute_int_662	0	50019641	0	50019642
cvp1_secret_compute_int_663	cvp1_secret/compute_int_663	0	51448938	0	51448939
cvp1_secret_compute_int_665	cvp1_secret/compute_int_665	0	50161316	0	50161316
cvp1_secret_compute_int_667	cvp1_secret/compute_int_667	0	50601880	0	50601880
cvp1_secret_compute_int_685	cvp1_secret/compute_int_685	0	19856124	0	19856124
cvp1_secret_compute_int_666	cvp1_secret/compute_int_666	0	51203585	0	51203585
cvp1_secret_compute_int_668	cvp1_secret/compute_int_668	0	52214816	0	52214817
cvp1_secret_compute_int_679	cvp1_secret/compute_int_679	0	39668296	0	39668297
cvp1_secret_compute_int_671	cvp1_secret/compute_int_671	0	50344589	0	50344589
cvp1_secret_compute_int_660	cvp1_secret/compute_int_660	0	65853451	0	65853451
cvp1_secret_compute_int_673	cvp1_secret/compute_int_673	0	51543656	0	51543656
cvp1_secret_compute_int_680	cvp1_secret/compute_int_680	0	39670412	0	39670413
cvp1_secret_compute_int_676	cvp1_secret/compute_int_676	0	50508467	0	50508468
cvp1_secret_compute_int_674	cvp1_secret/compute_int_674	0	51149176	0	51149176
cvp1_secret_compute_int_677	cvp1_secret/compute_int_677	0	52089613	0	52089614
cvp1_secret_compute_int_678	cvp1_secret/compute_int_678	0	51665443	0	51665444
cvp1_secret_compute_int_699	cvp1_secret/compute_int_699	0	16177386	0	16177386
cvp1_secret_compute_int_69	cvp1_secret/compute_int_69	0	16179201	0	16179202
cvp1_secret_compute_int_681	cvp1_secret/compute_int_681	0	51136229	0	51136229
cvp1_secret_compute_int_610	cvp1_secret/compute_int_610	0	156395417	0	156395418
cvp1_secret_compute_int_702	cvp1_secret/compute_int_702	0	11395883	0	11395884
cvp1_secret_compute_int_682	cvp1_secret/compute_int_682	0	51097756	0	51097756
cvp1_secret_compute_int_688	cvp1_secret/compute_int_688	0	38745624	0	38745624
cvp1_secret_compute_int_683	cvp1_secret/compute_int_683	0	50029940	0	50029940
cvp1_secret_compute_int_705	cvp1_secret/compute_int_705	0	11237009	0	11237009
cvp1_secret_compute_int_684	cvp1_secret/compute_int_684	0	51450590	0	51450590
cvp1_secret_compute_int_6	cvp1_secret/compute_int_6	0	26852450	0	26852451
cvp1_secret_compute_int_687	cvp1_secret/compute_int_687	0	50148666	0	50148666
cvp1_secret_compute_int_686	cvp1_secret/compute_int_686	0	50002444	0	50002444
cvp1_secret_compute_int_689	cvp1_secret/compute_int_689	0	50016255	0	50016255
cvp1_secret_compute_int_691	cvp1_secret/compute_int_691	0	50022322	0	50022323
cvp1_secret_compute_int_68	cvp1_secret/compute_int_68	0	50873377	0	50873378
cvp1_secret_compute_int_67	cvp1_secret/compute_int_67	0	72196769	0	72196769
cvp1_secret_compute_int_70	cvp1_secret/compute_int_70	0	19856122	0	19856122
cvp1_secret_compute_int_710	cvp1_secret/compute_int_710	0	18518016	0	18518016
cvp1_secret_compute_int_690	cvp1_secret/compute_int_690	0	52208410	0	52208411
cvp1_secret_compute_int_692	cvp1_secret/compute_int_692	0	50420343	0	50420343
cvp1_secret_compute_int_711	cvp1_secret/compute_int_711	0	20013256	0	20013256
cvp1_secret_compute_int_700	cvp1_secret/compute_int_700	0	40522938	0	40522938
cvp1_secret_compute_int_703	cvp1_secret/compute_int_703	0	39598511	0	39598511
cvp1_secret_compute_int_693	cvp1_secret/compute_int_693	0	51152683	0	51152684
cvp1_secret_compute_int_718	cvp1_secret/compute_int_718	0	11455075	0	11455075
cvp1_secret_compute_int_696	cvp1_secret/compute_int_696	0	50857548	0	50857549
cvp1_secret_compute_int_697	cvp1_secret/compute_int_697	0	50056067	0	50056067
cvp1_secret_compute_int_698	cvp1_secret/compute_int_698	0	50669275	0	50669275
cvp1_secret_compute_int_717	cvp1_secret/compute_int_717	0	16179201	0	16179202
cvp1_secret_compute_int_694	cvp1_secret/compute_int_694	0	54947649	0	54947650
cvp1_secret_compute_int_713	cvp1_secret/compute_int_713	0	26853707	0	26853708
cvp1_secret_compute_int_723	cvp1_secret/compute_int_723	0	11301048	0	11301048
cvp1_secret_compute_int_695	cvp1_secret/compute_int_695	0	51799712	0	51799712
cvp1_secret_compute_int_709	cvp1_secret/compute_int_709	0	39138081	0	39138082
cvp1_secret_compute_int_724	cvp1_secret/compute_int_724	0	19856122	0	19856122
cvp1_secret_compute_int_734	cvp1_secret/compute_int_734	0	11455075	0	11455075
cvp1_secret_compute_int_704	cvp1_secret/compute_int_704	0	50367826	0	50367826
cvp1_secret_compute_int_71	cvp1_secret/compute_int_71	0	26993887	0	26993888
cvp1_secret_compute_int_701	cvp1_secret/compute_int_701	0	59240944	0	59240944
cvp1_secret_compute_int_707	cvp1_secret/compute_int_707	0	50196171	0	50196172
cvp1_secret_compute_int_706	cvp1_secret/compute_int_706	0	50738110	0	50738111
cvp1_secret_compute_int_708	cvp1_secret/compute_int_708	0	51969919	0	51969920
cvp1_secret_compute_int_645	cvp1_secret/compute_int_645	0	156393226	0	156393226
cvp1_secret_compute_int_737	cvp1_secret/compute_int_737	0	16333293	0	16333294
cvp1_secret_compute_int_730	cvp1_secret/compute_int_730	0	26295421	0	26295421
cvp1_secret_compute_int_714	cvp1_secret/compute_int_714	0	50335830	0	50335830
cvp1_secret_compute_int_736	cvp1_secret/compute_int_736	0	26296246	0	26296246
cvp1_secret_compute_int_715	cvp1_secret/compute_int_715	0	50656810	0	50656810
cvp1_secret_compute_int_722	cvp1_secret/compute_int_722	0	38283619	0	38283620
cvp1_secret_compute_int_716	cvp1_secret/compute_int_716	0	50007148	0	50007149
cvp1_secret_compute_int_728	cvp1_secret/compute_int_728	0	38283986	0	38283987
cvp1_secret_compute_int_743	cvp1_secret/compute_int_743	0	19856122	0	19856122
cvp1_secret_compute_int_745	cvp1_secret/compute_int_745	0	16333293	0	16333294
cvp1_secret_compute_int_720	cvp1_secret/compute_int_720	0	50058582	0	50058582
cvp1_secret_compute_int_719	cvp1_secret/compute_int_719	0	50102748	0	50102748
cvp1_secret_compute_int_725	cvp1_secret/compute_int_725	0	50294329	0	50294329
cvp1_secret_compute_int_735	cvp1_secret/compute_int_735	0	40524684	0	40524684
cvp1_secret_compute_int_721	cvp1_secret/compute_int_721	0	56485689	0	56485690
cvp1_secret_compute_int_712	cvp1_secret/compute_int_712	0	72192099	0	72192100
cvp1_secret_compute_int_727	cvp1_secret/compute_int_727	0	50003065	0	50003065
cvp1_secret_compute_int_726	cvp1_secret/compute_int_726	0	50019662	0	50019663
cvp1_secret_compute_int_72	cvp1_secret/compute_int_72	0	50096754	0	50096755
cvp1_secret_compute_int_733	cvp1_secret/compute_int_733	0	50044872	0	50044873
cvp1_secret_compute_int_731	cvp1_secret/compute_int_731	0	50040474	0	50040474
cvp1_secret_compute_int_732	cvp1_secret/compute_int_732	0	50255312	0	50255313
cvp1_secret_compute_int_759	cvp1_secret/compute_int_759	0	11395883	0	11395884
cvp1_secret_compute_int_729	cvp1_secret/compute_int_729	0	51977739	0	51977739
cvp1_secret_compute_int_749	cvp1_secret/compute_int_749	0	25441335	0	25441336
cvp1_secret_compute_int_762	cvp1_secret/compute_int_762	0	7410517	0	7410518
cvp1_secret_compute_int_74	cvp1_secret/compute_int_74	0	25441999	0	25442000
cvp1_secret_compute_int_760	cvp1_secret/compute_int_760	0	11455075	0	11455075
cvp1_secret_compute_int_744	cvp1_secret/compute_int_744	0	38744941	0	38744941
cvp1_secret_compute_int_738	cvp1_secret/compute_int_738	0	50880083	0	50880083
cvp1_secret_compute_int_764	cvp1_secret/compute_int_764	0	11237009	0	11237009
cvp1_secret_compute_int_740	cvp1_secret/compute_int_740	0	50005229	0	50005230
cvp1_secret_compute_int_742	cvp1_secret/compute_int_742	0	50084899	0	50084900
cvp1_secret_compute_int_73	cvp1_secret/compute_int_73	0	50879328	0	50879329
cvp1_secret_compute_int_741	cvp1_secret/compute_int_741	0	50958477	0	50958478
cvp1_secret_compute_int_746	cvp1_secret/compute_int_746	0	51159346	0	51159347
cvp1_secret_compute_int_775	cvp1_secret/compute_int_775	0	11301048	0	11301048
cvp1_secret_compute_int_76	cvp1_secret/compute_int_76	0	20013254	0	20013254
cvp1_secret_compute_int_747	cvp1_secret/compute_int_747	0	50533070	0	50533070
cvp1_secret_compute_int_753	cvp1_secret/compute_int_753	0	39670534	0	39670535
cvp1_secret_compute_int_750	cvp1_secret/compute_int_750	0	44201948	0	44201948
cvp1_secret_compute_int_755	cvp1_secret/compute_int_755	0	39137722	0	39137723
cvp1_secret_compute_int_748	cvp1_secret/compute_int_748	0	50786958	0	50786958
cvp1_secret_compute_int_761	cvp1_secret/compute_int_761	0	39598896	0	39598897
cvp1_secret_compute_int_752	cvp1_secret/compute_int_752	0	51218369	0	51218370
cvp1_secret_compute_int_664	cvp1_secret/compute_int_664	0	200111797	0	200111798
cvp1_secret_compute_int_756	cvp1_secret/compute_int_756	0	50107744	0	50107744
cvp1_secret_compute_int_774	cvp1_secret/compute_int_774	0	26853775	0	26853776
cvp1_secret_compute_int_758	cvp1_secret/compute_int_758	0	50069172	0	50069173
cvp1_secret_compute_int_757	cvp1_secret/compute_int_757	0	50538870	0	50538870
cvp1_secret_compute_int_75	cvp1_secret/compute_int_75	0	50070787	0	50070787
cvp1_secret_compute_int_763	cvp1_secret/compute_int_763	0	50134123	0	50134123
cvp1_secret_compute_int_63	cvp1_secret/compute_int_63	0	253366356	0	253366357
cvp1_secret_compute_int_766	cvp1_secret/compute_int_766	0	51380606	0	51380606
cvp1_secret_compute_int_784	cvp1_secret/compute_int_784	0	26993887	0	26993888
cvp1_secret_compute_int_768	cvp1_secret/compute_int_768	0	50462022	0	50462022
cvp1_secret_compute_int_776	cvp1_secret/compute_int_776	0	44198807	0	44198807
cvp1_secret_compute_int_765	cvp1_secret/compute_int_765	0	57763045	0	57763045
cvp1_secret_compute_int_770	cvp1_secret/compute_int_770	0	51065868	0	51065868
cvp1_secret_compute_int_754	cvp1_secret/compute_int_754	0	71967505	0	71967506
cvp1_secret_compute_int_769	cvp1_secret/compute_int_769	0	55783961	0	55783961
cvp1_secret_compute_int_791	cvp1_secret/compute_int_791	0	20013254	0	20013254
cvp1_secret_compute_int_771	cvp1_secret/compute_int_771	0	51335507	0	51335508
cvp1_secret_compute_int_772	cvp1_secret/compute_int_772	0	53186676	0	53186677
cvp1_secret_compute_int_773	cvp1_secret/compute_int_773	0	50885367	0	50885368
cvp1_secret_compute_int_777	cvp1_secret/compute_int_777	0	50259580	0	50259581
cvp1_secret_compute_int_7	cvp1_secret/compute_int_7	0	6396414	0	6396415
cvp1_secret_compute_int_792	cvp1_secret/compute_int_792	0	18520639	0	18520640
cvp1_secret_compute_int_78	cvp1_secret/compute_int_78	0	26853775	0	26853776
cvp1_secret_compute_int_800	cvp1_secret/compute_int_800	0	11237009	0	11237009
cvp1_secret_compute_int_767	cvp1_secret/compute_int_767	0	69084500	0	69084500
cvp1_secret_compute_int_799	cvp1_secret/compute_int_799	0	16333293	0	16333294
cvp1_secret_compute_int_780	cvp1_secret/compute_int_780	0	50882536	0	50882536
cvp1_secret_compute_int_77	cvp1_secret/compute_int_77	0	50526615	0	50526616
cvp1_secret_compute_int_805	cvp1_secret/compute_int_805	0	11301048	0	11301048
cvp1_secret_compute_int_781	cvp1_secret/compute_int_781	0	51324955	0	51324956
cvp1_secret_compute_int_789	cvp1_secret/compute_int_789	0	39137318	0	39137319
cvp1_secret_compute_int_783	cvp1_secret/compute_int_783	0	50002444	0	50002444
cvp1_secret_compute_int_782	cvp1_secret/compute_int_782	0	50107082	0	50107082
cvp1_secret_compute_int_796	cvp1_secret/compute_int_796	0	26296161	0	26296162
cvp1_secret_compute_int_785	cvp1_secret/compute_int_785	0	50917008	0	50917009
cvp1_secret_compute_int_786	cvp1_secret/compute_int_786	0	50019081	0	50019082
cvp1_secret_compute_int_788	cvp1_secret/compute_int_788	0	50003714	0	50003714
cvp1_secret_compute_int_787	cvp1_secret/compute_int_787	0	50155226	0	50155227
cvp1_secret_compute_int_790	cvp1_secret/compute_int_790	0	51209200	0	51209200
cvp1_secret_compute_int_813	cvp1_secret/compute_int_813	0	16179201	0	16179202
cvp1_secret_compute_int_779	cvp1_secret/compute_int_779	0	71967832	0	71967833
cvp1_secret_compute_int_811	cvp1_secret/compute_int_811	0	19856124	0	19856124
cvp1_secret_compute_int_809	cvp1_secret/compute_int_809	0	25442818	0	25442819
cvp1_secret_compute_int_801	cvp1_secret/compute_int_801	0	38744727	0	38744727
cvp1_secret_compute_int_818	cvp1_secret/compute_int_818	0	17666710	0	17666710
cvp1_secret_compute_int_793	cvp1_secret/compute_int_793	0	50378297	0	50378297
cvp1_secret_compute_int_812	cvp1_secret/compute_int_812	0	26992723	0	26992724
cvp1_secret_compute_int_795	cvp1_secret/compute_int_795	0	50168283	0	50168284
cvp1_secret_compute_int_794	cvp1_secret/compute_int_794	0	50795016	0	50795017
cvp1_secret_compute_int_798	cvp1_secret/compute_int_798	0	50635361	0	50635362
cvp1_secret_compute_int_797	cvp1_secret/compute_int_797	0	50020443	0	50020443
cvp1_secret_compute_int_804	cvp1_secret/compute_int_804	0	44184937	0	44184938
cvp1_secret_compute_int_823	cvp1_secret/compute_int_823	0	20013254	0	20013254
cvp1_secret_compute_int_803	cvp1_secret/compute_int_803	0	50382459	0	50382459
cvp1_secret_compute_int_802	cvp1_secret/compute_int_802	0	50689100	0	50689100
cvp1_secret_compute_int_825	cvp1_secret/compute_int_825	0	18520331	0	18520331
cvp1_secret_compute_int_806	cvp1_secret/compute_int_806	0	50636344	0	50636344
cvp1_secret_compute_int_815	cvp1_secret/compute_int_815	0	39668660	0	39668661
cvp1_secret_compute_int_810	cvp1_secret/compute_int_810	0	44181821	0	44181822
cvp1_secret_compute_int_816	cvp1_secret/compute_int_816	0	39137864	0	39137864
cvp1_secret_compute_int_828	cvp1_secret/compute_int_828	0	17667231	0	17667231
cvp1_secret_compute_int_807	cvp1_secret/compute_int_807	0	52279770	0	52279771
cvp1_secret_compute_int_831	cvp1_secret/compute_int_831	0	16333293	0	16333294
cvp1_secret_compute_int_79	cvp1_secret/compute_int_79	0	65999225	0	65999226
cvp1_secret_compute_int_839	cvp1_secret/compute_int_839	0	7394558	0	7394559
cvp1_secret_compute_int_808	cvp1_secret/compute_int_808	0	50529553	0	50529553
cvp1_secret_compute_int_80	cvp1_secret/compute_int_80	0	51284228	0	51284229
cvp1_secret_compute_int_814	cvp1_secret/compute_int_814	0	50329454	0	50329455
cvp1_secret_compute_int_843	cvp1_secret/compute_int_843	0	11395883	0	11395884
cvp1_secret_compute_int_81	cvp1_secret/compute_int_81	0	50019411	0	50019411
cvp1_secret_compute_int_820	cvp1_secret/compute_int_820	0	50002530	0	50002530
cvp1_secret_compute_int_819	cvp1_secret/compute_int_819	0	52023110	0	52023111
cvp1_secret_compute_int_830	cvp1_secret/compute_int_830	0	38284186	0	38284186
cvp1_secret_compute_int_751	cvp1_secret/compute_int_751	0	161098948	0	161098948
cvp1_secret_compute_int_822	cvp1_secret/compute_int_822	0	55587461	0	55587462
cvp1_secret_compute_int_824	cvp1_secret/compute_int_824	0	50108420	0	50108421
cvp1_secret_compute_int_826	cvp1_secret/compute_int_826	0	50018995	0	50018995
cvp1_secret_compute_int_833	cvp1_secret/compute_int_833	0	40522957	0	40522958
cvp1_secret_compute_int_855	cvp1_secret/compute_int_855	0	4277128	0	4277128
cvp1_secret_compute_int_827	cvp1_secret/compute_int_827	0	50850691	0	50850691
cvp1_secret_compute_int_834	cvp1_secret/compute_int_834	0	40524913	0	40524914
cvp1_secret_compute_int_739	cvp1_secret/compute_int_739	0	200106272	0	200106273
cvp1_secret_compute_int_851	cvp1_secret/compute_int_851	0	18519135	0	18519136
cvp1_secret_compute_int_840	cvp1_secret/compute_int_840	0	39598794	0	39598794
cvp1_secret_compute_int_82	cvp1_secret/compute_int_82	0	50653863	0	50653864
cvp1_secret_compute_int_832	cvp1_secret/compute_int_832	0	50256109	0	50256110
cvp1_secret_compute_int_821	cvp1_secret/compute_int_821	0	69086497	0	69086497
cvp1_secret_compute_int_857	cvp1_secret/compute_int_857	0	11455075	0	11455075
cvp1_secret_compute_int_852	cvp1_secret/compute_int_852	0	20013252	0	20013252
cvp1_secret_compute_int_835	cvp1_secret/compute_int_835	0	51397396	0	51397396
cvp1_secret_compute_int_837	cvp1_secret/compute_int_837	0	51330999	0	51331000
cvp1_secret_compute_int_853	cvp1_secret/compute_int_853	0	23463974	0	23463974
cvp1_secret_compute_int_836	cvp1_secret/compute_int_836	0	50521017	0	50521018
cvp1_secret_compute_int_838	cvp1_secret/compute_int_838	0	50007059	0	50007059
cvp1_secret_compute_int_83	cvp1_secret/compute_int_83	0	51604620	0	51604621
cvp1_secret_compute_int_842	cvp1_secret/compute_int_842	0	51561285	0	51561286
cvp1_secret_compute_int_84	cvp1_secret/compute_int_84	0	39668514	0	39668514
cvp1_secret_compute_int_845	cvp1_secret/compute_int_845	0	51269539	0	51269539
cvp1_secret_compute_int_844	cvp1_secret/compute_int_844	0	56615063	0	56615064
cvp1_secret_compute_int_847	cvp1_secret/compute_int_847	0	50236970	0	50236970
cvp1_secret_compute_int_850	cvp1_secret/compute_int_850	0	50038884	0	50038885
cvp1_secret_compute_int_778	cvp1_secret/compute_int_778	0	161094370	0	161094371
cvp1_secret_compute_int_849	cvp1_secret/compute_int_849	0	51811696	0	51811696
cvp1_secret_compute_int_870	cvp1_secret/compute_int_870	0	16179201	0	16179202
cvp1_secret_compute_int_87	cvp1_secret/compute_int_87	0	4261851	0	4261852
cvp1_secret_compute_int_841	cvp1_secret/compute_int_841	0	71961647	0	71961648
cvp1_secret_compute_int_85	cvp1_secret/compute_int_85	0	39670382	0	39670383
cvp1_secret_compute_int_869	cvp1_secret/compute_int_869	0	26992562	0	26992563
cvp1_secret_compute_int_861	cvp1_secret/compute_int_861	0	39598566	0	39598567
cvp1_secret_compute_int_872	cvp1_secret/compute_int_872	0	25441262	0	25441262
cvp1_secret_compute_int_856	cvp1_secret/compute_int_856	0	50107989	0	50107989
cvp1_secret_compute_int_871	cvp1_secret/compute_int_871	0	26853727	0	26853728
cvp1_secret_compute_int_848	cvp1_secret/compute_int_848	0	69089962	0	69089962
cvp1_secret_compute_int_854	cvp1_secret/compute_int_854	0	50597322	0	50597323
cvp1_secret_compute_int_859	cvp1_secret/compute_int_859	0	50042961	0	50042962
cvp1_secret_compute_int_860	cvp1_secret/compute_int_860	0	50039691	0	50039691
cvp1_secret_compute_int_862	cvp1_secret/compute_int_862	0	50320165	0	50320166
cvp1_secret_compute_int_858	cvp1_secret/compute_int_858	0	53093524	0	53093525
cvp1_secret_compute_int_864	cvp1_secret/compute_int_864	0	50019516	0	50019517
cvp1_secret_compute_int_865	cvp1_secret/compute_int_865	0	50020449	0	50020449
cvp1_secret_compute_int_882	cvp1_secret/compute_int_882	0	20013252	0	20013252
cvp1_secret_compute_int_88	cvp1_secret/compute_int_88	0	11237009	0	11237009
cvp1_secret_compute_int_883	cvp1_secret/compute_int_883	0	18518517	0	18518518
cvp1_secret_compute_int_866	cvp1_secret/compute_int_866	0	50690911	0	50690912
cvp1_secret_compute_int_887	cvp1_secret/compute_int_887	0	16333293	0	16333294
cvp1_secret_compute_int_867	cvp1_secret/compute_int_867	0	50828463	0	50828464
cvp1_secret_compute_int_868	cvp1_secret/compute_int_868	0	44202221	0	44202222
cvp1_secret_compute_int_897	cvp1_secret/compute_int_897	0	6710244	0	6710245
cvp1_secret_compute_int_895	cvp1_secret/compute_int_895	0	11301048	0	11301048
cvp1_secret_compute_int_86	cvp1_secret/compute_int_86	0	51605178	0	51605179
cvp1_secret_compute_int_886	cvp1_secret/compute_int_886	0	26295220	0	26295221
cvp1_secret_compute_int_875	cvp1_secret/compute_int_875	0	50027318	0	50027318
cvp1_secret_compute_int_893	cvp1_secret/compute_int_893	0	19856122	0	19856122
cvp1_secret_compute_int_874	cvp1_secret/compute_int_874	0	50002444	0	50002444
cvp1_secret_compute_int_876	cvp1_secret/compute_int_876	0	50270017	0	50270018
cvp1_secret_compute_int_890	cvp1_secret/compute_int_890	0	26296112	0	26296113
cvp1_secret_compute_int_8	cvp1_secret/compute_int_8	0	16177386	0	16177386
cvp1_secret_compute_int_901	cvp1_secret/compute_int_901	0	11455075	0	11455075
cvp1_secret_compute_int_885	cvp1_secret/compute_int_885	0	39137392	0	39137393
cvp1_secret_compute_int_879	cvp1_secret/compute_int_879	0	50101580	0	50101581
cvp1_secret_compute_int_880	cvp1_secret/compute_int_880	0	50211114	0	50211115
cvp1_secret_compute_int_899	cvp1_secret/compute_int_899	0	25442499	0	25442499
cvp1_secret_compute_int_878	cvp1_secret/compute_int_878	0	52341443	0	52341444
cvp1_secret_compute_int_881	cvp1_secret/compute_int_881	0	53684031	0	53684031
cvp1_secret_compute_int_873	cvp1_secret/compute_int_873	0	69084431	0	69084431
cvp1_secret_compute_int_904	cvp1_secret/compute_int_904	0	19856122	0	19856122
cvp1_secret_compute_int_891	cvp1_secret/compute_int_891	0	38283814	0	38283814
cvp1_secret_compute_int_914	cvp1_secret/compute_int_914	0	6710244	0	6710245
cvp1_secret_compute_int_902	cvp1_secret/compute_int_902	0	26992695	0	26992696
cvp1_secret_compute_int_888	cvp1_secret/compute_int_888	0	50057714	0	50057715
cvp1_secret_compute_int_884	cvp1_secret/compute_int_884	0	51763563	0	51763564
cvp1_secret_compute_int_896	cvp1_secret/compute_int_896	0	38283352	0	38283352
cvp1_secret_compute_int_913	cvp1_secret/compute_int_913	0	11237009	0	11237009
cvp1_secret_compute_int_889	cvp1_secret/compute_int_889	0	50019658	0	50019658
cvp1_secret_compute_int_924	cvp1_secret/compute_int_924	0	901049	0	901050
cvp1_secret_compute_int_917	cvp1_secret/compute_int_917	0	11395883	0	11395884
cvp1_secret_compute_int_900	cvp1_secret/compute_int_900	0	38745338	0	38745339
cvp1_secret_compute_int_91	cvp1_secret/compute_int_91	0	11455075	0	11455075
cvp1_secret_compute_int_892	cvp1_secret/compute_int_892	0	50696496	0	50696497
cvp1_secret_compute_int_894	cvp1_secret/compute_int_894	0	51150033	0	51150033
cvp1_secret_compute_int_918	cvp1_secret/compute_int_918	0	16177386	0	16177386
cvp1_secret_compute_int_898	cvp1_secret/compute_int_898	0	51636910	0	51636911
cvp1_secret_compute_int_909	cvp1_secret/compute_int_909	0	39667768	0	39667769
cvp1_secret_compute_int_89	cvp1_secret/compute_int_89	0	51198052	0	51198053
cvp1_secret_compute_int_926	cvp1_secret/compute_int_926	0	19856124	0	19856124
cvp1_secret_compute_int_905	cvp1_secret/compute_int_905	0	44201641	0	44201641
cvp1_secret_compute_int_903	cvp1_secret/compute_int_903	0	51802039	0	51802040
cvp1_secret_compute_int_923	cvp1_secret/compute_int_923	0	26853775	0	26853776
cvp1_secret_compute_int_907	cvp1_secret/compute_int_907	0	50028514	0	50028514
cvp1_secret_compute_int_915	cvp1_secret/compute_int_915	0	39599162	0	39599162
cvp1_secret_compute_int_908	cvp1_secret/compute_int_908	0	51663772	0	51663772
cvp1_secret_compute_int_927	cvp1_secret/compute_int_927	0	26993887	0	26993888
cvp1_secret_compute_int_906	cvp1_secret/compute_int_906	0	55501357	0	55501357
cvp1_secret_compute_int_911	cvp1_secret/compute_int_911	0	50246649	0	50246649
cvp1_secret_compute_int_938	cvp1_secret/compute_int_938	0	11237009	0	11237009
cvp1_secret_compute_int_90	cvp1_secret/compute_int_90	0	50480802	0	50480803
cvp1_secret_compute_int_940	cvp1_secret/compute_int_940	0	11455075	0	11455075
cvp1_secret_compute_int_919	cvp1_secret/compute_int_919	0	50614398	0	50614398
cvp1_secret_compute_int_916	cvp1_secret/compute_int_916	0	51378489	0	51378490
cvp1_secret_compute_int_928	cvp1_secret/compute_int_928	0	39137922	0	39137922
cvp1_secret_compute_int_920	cvp1_secret/compute_int_920	0	50060891	0	50060892
cvp1_secret_compute_int_930	cvp1_secret/compute_int_930	0	39670585	0	39670586
cvp1_secret_compute_int_829	cvp1_secret/compute_int_829	0	200106429	0	200106430
cvp1_secret_compute_int_931	cvp1_secret/compute_int_931	0	44185211	0	44185212
cvp1_secret_compute_int_910	cvp1_secret/compute_int_910	0	69084648	0	69084648
cvp1_secret_compute_int_944	cvp1_secret/compute_int_944	0	19856120	0	19856120
cvp1_secret_compute_int_817	cvp1_secret/compute_int_817	0	225362302	0	225362302
cvp1_secret_compute_int_949	cvp1_secret/compute_int_949	0	11455075	0	11455075
cvp1_secret_compute_int_929	cvp1_secret/compute_int_929	0	50518581	0	50518582
cvp1_secret_compute_int_92	cvp1_secret/compute_int_92	0	51371538	0	51371539
cvp1_secret_compute_int_950	cvp1_secret/compute_int_950	0	16179201	0	16179202
cvp1_secret_compute_int_934	cvp1_secret/compute_int_934	0	50314734	0	50314734
cvp1_secret_compute_int_922	cvp1_secret/compute_int_922	0	69083230	0	69083230
cvp1_secret_compute_int_932	cvp1_secret/compute_int_932	0	50781519	0	50781519
cvp1_secret_compute_int_933	cvp1_secret/compute_int_933	0	51342602	0	51342602
cvp1_secret_compute_int_937	cvp1_secret/compute_int_937	0	50102089	0	50102089
cvp1_secret_compute_int_936	cvp1_secret/compute_int_936	0	56485982	0	56485982
cvp1_secret_compute_int_935	cvp1_secret/compute_int_935	0	58748567	0	58748567
cvp1_secret_compute_int_939	cvp1_secret/compute_int_939	0	50056444	0	50056445
cvp1_secret_compute_int_957	cvp1_secret/compute_int_957	0	20013254	0	20013254
cvp1_secret_compute_int_942	cvp1_secret/compute_int_942	0	50050394	0	50050395
cvp1_secret_compute_int_954	cvp1_secret/compute_int_954	0	26993887	0	26993888
cvp1_secret_compute_int_941	cvp1_secret/compute_int_941	0	50236980	0	50236980
cvp1_secret_compute_int_93	cvp1_secret/compute_int_93	0	55772965	0	55772965
cvp1_secret_compute_int_956	cvp1_secret/compute_int_956	0	26853421	0	26853421
cvp1_secret_compute_int_958	cvp1_secret/compute_int_958	0	25441605	0	25441605
cvp1_secret_compute_int_943	cvp1_secret/compute_int_943	0	50101099	0	50101100
cvp1_secret_compute_int_945	cvp1_secret/compute_int_945	0	51994670	0	51994671
cvp1_secret_compute_int_947	cvp1_secret/compute_int_947	0	50020853	0	50020853
cvp1_secret_compute_int_94	cvp1_secret/compute_int_94	0	50019213	0	50019213
cvp1_secret_compute_int_953	cvp1_secret/compute_int_953	0	44184655	0	44184655
cvp1_secret_compute_int_968	cvp1_secret/compute_int_968	0	16177386	0	16177386
cvp1_secret_compute_int_946	cvp1_secret/compute_int_946	0	57736729	0	57736730
cvp1_secret_compute_int_846	cvp1_secret/compute_int_846	0	225358518	0	225358518
cvp1_secret_compute_int_948	cvp1_secret/compute_int_948	0	51947943	0	51947943
cvp1_secret_compute_int_951	cvp1_secret/compute_int_951	0	50628498	0	50628498
cvp1_secret_compute_int_952	cvp1_secret/compute_int_952	0	52279942	0	52279943
cvp1_secret_compute_int_955	cvp1_secret/compute_int_955	0	51340300	0	51340300
cvp1_secret_compute_int_976	cvp1_secret/compute_int_976	0	11237009	0	11237009
cvp1_secret_compute_int_981	cvp1_secret/compute_int_981	0	6723123	0	6723123
cvp1_secret_compute_int_863	cvp1_secret/compute_int_863	0	200106071	0	200106071
cvp1_secret_compute_int_972	cvp1_secret/compute_int_972	0	26853732	0	26853733
cvp1_secret_compute_int_95	cvp1_secret/compute_int_95	0	50019558	0	50019559
cvp1_secret_compute_int_960	cvp1_secret/compute_int_960	0	50019403	0	50019403
cvp1_secret_compute_int_978	cvp1_secret/compute_int_978	0	17663559	0	17663559
cvp1_secret_crypto0	cvp1_secret/crypto0	0	7327038	0	7327039
cvp1_secret_compute_int_966	cvp1_secret/compute_int_966	0	39670480	0	39670481
cvp1_secret_compute_int_961	cvp1_secret/compute_int_961	0	50688473	0	50688474
cvp1_secret_compute_int_959	cvp1_secret/compute_int_959	0	55220161	0	55220161
cvp1_secret_crypto102	cvp1_secret/crypto102	0	8077766	0	8077767
cvp1_secret_compute_int_963	cvp1_secret/compute_int_963	0	50029474	0	50029474
cvp1_secret_compute_int_970	cvp1_secret/compute_int_970	0	40524751	0	40524751
cvp1_secret_crypto103	cvp1_secret/crypto103	0	11636002	0	11636002
cvp1_secret_crypto101	cvp1_secret/crypto101	0	15483956	0	15483957
cvp1_secret_compute_int_974	cvp1_secret/compute_int_974	0	38284078	0	38284079
cvp1_secret_crypto105	cvp1_secret/crypto105	0	12835929	0	12835929
cvp1_secret_compute_int_965	cvp1_secret/compute_int_965	0	51479073	0	51479074
cvp1_secret_crypto104	cvp1_secret/crypto104	0	13761333	0	13761333
cvp1_secret_compute_int_967	cvp1_secret/compute_int_967	0	50915586	0	50915586
cvp1_secret_compute_int_969	cvp1_secret/compute_int_969	0	50852600	0	50852601
cvp1_secret_crypto10	cvp1_secret/crypto10	0	16290608	0	16290608
cvp1_secret_crypto17	cvp1_secret/crypto17	0	7077407	0	7077407
cvp1_secret_compute_int_962	cvp1_secret/compute_int_962	0	65855065	0	65855065
cvp1_secret_compute_int_97	cvp1_secret/compute_int_97	0	38284338	0	38284339
cvp1_secret_compute_int_971	cvp1_secret/compute_int_971	0	51288588	0	51288589
cvp1_secret_crypto13	cvp1_secret/crypto13	0	15447186	0	15447186
cvp1_secret_crypto1	cvp1_secret/crypto1	0	8527801	0	8527802
cvp1_secret_compute_int_973	cvp1_secret/compute_int_973	0	50541377	0	50541377
cvp1_secret_crypto22	cvp1_secret/crypto22	0	8312961	0	8312962
cvp1_secret_compute_int_975	cvp1_secret/compute_int_975	0	50069585	0	50069586
cvp1_secret_crypto19	cvp1_secret/crypto19	0	15484004	0	15484004
cvp1_secret_crypto14	cvp1_secret/crypto14	0	18890697	0	18890697
cvp1_secret_crypto24	cvp1_secret/crypto24	0	11251855	0	11251855
cvp1_secret_crypto2	cvp1_secret/crypto2	0	7344891	0	7344892
cvp1_secret_compute_int_977	cvp1_secret/compute_int_977	0	50019658	0	50019658
cvp1_secret_crypto27	cvp1_secret/crypto27	0	9523609	0	9523609
cvp1_secret_crypto23	cvp1_secret/crypto23	0	13761380	0	13761381
cvp1_secret_compute_int_979	cvp1_secret/compute_int_979	0	50701190	0	50701190
cvp1_secret_crypto18	cvp1_secret/crypto18	0	22095020	0	22095021
cvp1_secret_crypto26	cvp1_secret/crypto26	0	13043615	0	13043616
cvp1_secret_crypto29	cvp1_secret/crypto29	0	11294412	0	11294412
cvp1_secret_crypto21	cvp1_secret/crypto21	0	20095260	0	20095260
cvp1_secret_crypto35	cvp1_secret/crypto35	0	8799646	0	8799647
cvp1_secret_compute_int_98	cvp1_secret/compute_int_98	0	50221132	0	50221132
cvp1_secret_crypto42	cvp1_secret/crypto42	0	7363738	0	7363738
cvp1_secret_crypto20	cvp1_secret/crypto20	0	28637336	0	28637337
cvp1_secret_compute_int_9	cvp1_secret/compute_int_9	0	50007175	0	50007175
cvp1_secret_crypto100	cvp1_secret/crypto100	0	51702673	0	51702673
cvp1_secret_crypto43	cvp1_secret/crypto43	0	9573459	0	9573459
cvp1_secret_crypto33	cvp1_secret/crypto33	0	24298143	0	24298143
cvp1_secret_crypto46	cvp1_secret/crypto46	0	11373445	0	11373446
cvp1_secret_crypto31	cvp1_secret/crypto31	0	29048229	0	29048230
cvp1_secret_crypto45	cvp1_secret/crypto45	0	14236052	0	14236052
cvp1_secret_crypto36	cvp1_secret/crypto36	0	25517572	0	25517572
cvp1_secret_crypto39	cvp1_secret/crypto39	0	26665130	0	26665130
cvp1_secret_crypto3	cvp1_secret/crypto3	0	26399813	0	26399813
cvp1_secret_compute_int_99	cvp1_secret/compute_int_99	0	69280354	0	69280354
cvp1_secret_compute_int_877	cvp1_secret/compute_int_877	0	253134436	0	253134436
cvp1_secret_crypto38	cvp1_secret/crypto38	0	29599866	0	29599866
cvp1_secret_crypto51	cvp1_secret/crypto51	0	6875670	0	6875670
cvp1_secret_crypto41	cvp1_secret/crypto41	0	28948144	0	28948145
cvp1_secret_crypto37	cvp1_secret/crypto37	0	32203369	0	32203369
cvp1_secret_crypto49	cvp1_secret/crypto49	0	16215671	0	16215671
cvp1_secret_crypto16	cvp1_secret/crypto16	0	54650035	0	54650035
cvp1_secret_crypto48	cvp1_secret/crypto48	0	19995005	0	19995005
cvp1_secret_crypto47	cvp1_secret/crypto47	0	23295191	0	23295191
cvp1_secret_crypto54	cvp1_secret/crypto54	0	13078860	0	13078861
cvp1_secret_crypto57	cvp1_secret/crypto57	0	11376019	0	11376019
cvp1_secret_crypto56	cvp1_secret/crypto56	0	13043568	0	13043568
cvp1_secret_crypto25	cvp1_secret/crypto25	0	53775064	0	53775064
cvp1_secret_crypto59	cvp1_secret/crypto59	0	12734405	0	12734405
cvp1_secret_crypto15	cvp1_secret/crypto15	0	65282614	0	65282614
cvp1_secret_crypto28	cvp1_secret/crypto28	0	51737595	0	51737595
cvp1_secret_crypto32	cvp1_secret/crypto32	0	50027556	0	50027556
cvp1_secret_crypto11	cvp1_secret/crypto11	0	72667730	0	72667730
cvp1_secret_crypto58	cvp1_secret/crypto58	0	16290655	0	16290656
cvp1_secret_crypto34	cvp1_secret/crypto34	0	50027553	0	50027553
cvp1_secret_crypto66	cvp1_secret/crypto66	0	10902259	0	10902259
cvp1_secret_crypto61	cvp1_secret/crypto61	0	18890649	0	18890650
cvp1_secret_crypto72	cvp1_secret/crypto72	0	9809755	0	9809755
cvp1_secret_crypto53	cvp1_secret/crypto53	0	31412815	0	31412815
cvp1_secret_crypto71	cvp1_secret/crypto71	0	13634705	0	13634706
cvp1_secret_crypto73	cvp1_secret/crypto73	0	13078918	0	13078918
cvp1_secret_crypto70	cvp1_secret/crypto70	0	16215718	0	16215719
cvp1_secret_crypto76	cvp1_secret/crypto76	0	8473234	0	8473234
cvp1_secret_crypto44	cvp1_secret/crypto44	0	50415136	0	50415136
cvp1_secret_crypto74	cvp1_secret/crypto74	0	15447233	0	15447234
cvp1_secret_crypto60	cvp1_secret/crypto60	0	29451476	0	29451477
cvp1_secret_crypto68	cvp1_secret/crypto68	0	22293774	0	22293775
cvp1_secret_crypto75	cvp1_secret/crypto75	0	15240364	0	15240364
cvp1_secret_crypto62	cvp1_secret/crypto62	0	29037442	0	29037442
cvp1_secret_crypto79	cvp1_secret/crypto79	0	8514277	0	8514277
cvp1_secret_crypto12	cvp1_secret/crypto12	0	86179348	0	86179348
cvp1_secret_crypto67	cvp1_secret/crypto67	0	26399860	0	26399861
cvp1_secret_crypto82	cvp1_secret/crypto82	0	6783308	0	6783308
cvp1_secret_crypto30	cvp1_secret/crypto30	0	74791469	0	74791469
cvp1_secret_crypto40	cvp1_secret/crypto40	0	64008907	0	64008908
cvp1_secret_crypto50	cvp1_secret/crypto50	0	50019971	0	50019971
cvp1_secret_crypto63	cvp1_secret/crypto63	0	36378954	0	36378954
cvp1_secret_crypto81	cvp1_secret/crypto81	0	12572303	0	12572304
cvp1_secret_crypto83	cvp1_secret/crypto83	0	11973560	0	11973560
cvp1_secret_crypto65	cvp1_secret/crypto65	0	35003333	0	35003333
cvp1_secret_crypto4	cvp1_secret/crypto4	0	54404234	0	54404234
cvp1_secret_crypto52	cvp1_secret/crypto52	0	52421527	0	52421527
cvp1_secret_crypto55	cvp1_secret/crypto55	0	45385385	0	45385386
cvp1_secret_compute_int_921	cvp1_secret/compute_int_921	0	225365533	0	225365533
cvp1_secret_crypto6	cvp1_secret/crypto6	0	35003380	0	35003381
cvp1_secret_crypto93	cvp1_secret/crypto93	0	7778428	0	7778429
cvp1_secret_crypto89	cvp1_secret/crypto89	0	12866698	0	12866698
cvp1_secret_crypto5	cvp1_secret/crypto5	0	51978805	0	51978805
cvp1_secret_compute_int_925	cvp1_secret/compute_int_925	0	225369176	0	225369176
cvp1_secret_crypto97	cvp1_secret/crypto97	0	10944012	0	10944012
cvp1_secret_crypto9	cvp1_secret/crypto9	0	8224827	0	8224827
cvp1_secret_compute_int_912	cvp1_secret/compute_int_912	0	253137404	0	253137404
cvp1_secret_crypto78	cvp1_secret/crypto78	0	29899491	0	29899492
cvp1_secret_crypto87	cvp1_secret/crypto87	0	23900711	0	23900711
cvp1_secret_crypto94	cvp1_secret/crypto94	0	18690384	0	18690385
cvp1_secret_crypto84	cvp1_secret/crypto84	0	29599910	0	29599910
cvp1_secret_crypto92	cvp1_secret/crypto92	0	23668106	0	23668107
cvp1_secret_crypto91	cvp1_secret/crypto91	0	27099457	0	27099457
cvp1_secret_crypto86	cvp1_secret/crypto86	0	32203321	0	32203322
cvp1_secret_crypto64	cvp1_secret/crypto64	0	64658676	0	64658676
cvp1_secret_crypto77	cvp1_secret/crypto77	0	50020006	0	50020006
cvp1_secret_crypto7	cvp1_secret/crypto7	0	50441914	0	50441915
cvp1_secret_crypto80	cvp1_secret/crypto80	0	50875652	0	50875652
cvp1_secret_crypto88	cvp1_secret/crypto88	0	43954530	0	43954531
cvp1_secret_srv0	cvp1_secret/srv0	0	39573731	0	39573731
cvp1_secret_crypto90	cvp1_secret/crypto90	0	53234869	0	53234869
cvp1_secret_crypto8	cvp1_secret/crypto8	0	54154249	0	54154250
cvp1_secret_crypto69	cvp1_secret/crypto69	0	76826481	0	76826481
cvp1_secret_srv101	cvp1_secret/srv101	0	41431234	0	41431235
cvp1_secret_crypto96	cvp1_secret/crypto96	0	51831274	0	51831274
cvp1_secret_srv113	cvp1_secret/srv113	0	26469719	0	26469720
cvp1_secret_crypto99	cvp1_secret/crypto99	0	50394552	0	50394552
cvp1_secret_crypto85	cvp1_secret/crypto85	0	64380352	0	64380352
cvp1_secret_crypto95	cvp1_secret/crypto95	0	57988648	0	57988649
cvp1_secret_crypto98	cvp1_secret/crypto98	0	51942440	0	51942440
cvp1_secret_srv100	cvp1_secret/srv100	0	53027124	0	53027124
cvp1_secret_srv102	cvp1_secret/srv102	0	52024904	0	52024905
cvp1_secret_srv104	cvp1_secret/srv104	0	50797981	0	50797982
cvp1_secret_srv106	cvp1_secret/srv106	0	52018355	0	52018355
cvp1_secret_srv105	cvp1_secret/srv105	0	51409611	0	51409612
cvp1_secret_srv103	cvp1_secret/srv103	0	53033277	0	53033278
cvp1_secret_srv107	cvp1_secret/srv107	0	51916656	0	51916656
cvp1_secret_srv112	cvp1_secret/srv112	0	44238034	0	44238034
cvp1_secret_srv108	cvp1_secret/srv108	0	52407446	0	52407447
cvp1_secret_srv118	cvp1_secret/srv118	0	30176894	0	30176895
cvp1_secret_srv111	cvp1_secret/srv111	0	51407642	0	51407643
cvp1_secret_srv10	cvp1_secret/srv10	0	53671881	0	53671882
cvp1_secret_compute_int_964	cvp1_secret/compute_int_964	0	225348937	0	225348938
cvp1_secret_srv109	cvp1_secret/srv109	0	52022098	0	52022098
cvp1_secret_srv110	cvp1_secret/srv110	0	51916418	0	51916418
cvp1_secret_srv114	cvp1_secret/srv114	0	41647642	0	41647642
cvp1_secret_srv117	cvp1_secret/srv117	0	40902636	0	40902637
cvp1_secret_srv115	cvp1_secret/srv115	0	52020872	0	52020873
cvp1_secret_srv11	cvp1_secret/srv11	0	41126829	0	41126829
cvp1_secret_srv116	cvp1_secret/srv116	0	51914633	0	51914633
cvp1_secret_srv125	cvp1_secret/srv125	0	43304308	0	43304309
cvp1_secret_srv119	cvp1_secret/srv119	0	52406592	0	52406593
cvp1_secret_srv124	cvp1_secret/srv124	0	44516914	0	44516915
cvp1_secret_srv129	cvp1_secret/srv129	0	40372168	0	40372169
cvp1_secret_srv120	cvp1_secret/srv120	0	51407172	0	51407172
cvp1_secret_srv121	cvp1_secret/srv121	0	53030962	0	53030963
cvp1_secret_srv122	cvp1_secret/srv122	0	52021623	0	52021624
cvp1_secret_srv123	cvp1_secret/srv123	0	51925541	0	51925542
cvp1_secret_srv130	cvp1_secret/srv130	0	41200455	0	41200456
cvp1_secret_srv136	cvp1_secret/srv136	0	36250208	0	36250208
cvp1_secret_srv135	cvp1_secret/srv135	0	40289023	0	40289023
cvp1_secret_srv127	cvp1_secret/srv127	0	50888682	0	50888682
cvp1_secret_srv128	cvp1_secret/srv128	0	51416451	0	51416452
cvp1_secret_srv126	cvp1_secret/srv126	0	51906709	0	51906710
cvp1_secret_srv134	cvp1_secret/srv134	0	43688424	0	43688424
cvp1_secret_srv12	cvp1_secret/srv12	0	51422332	0	51422332
cvp1_secret_srv139	cvp1_secret/srv139	0	40396615	0	40396616
cvp1_secret_srv138	cvp1_secret/srv138	0	40887226	0	40887227
cvp1_secret_compute_int_96	cvp1_secret/compute_int_96	0	253360112	0	253360113
cvp1_secret_srv132	cvp1_secret/srv132	0	51718089	0	51718090
cvp1_secret_srv131	cvp1_secret/srv131	0	51402678	0	51402679
cvp1_secret_srv133	cvp1_secret/srv133	0	51393855	0	51393856
cvp1_secret_srv140	cvp1_secret/srv140	0	44185670	0	44185670
cvp1_secret_srv142	cvp1_secret/srv142	0	44057036	0	44057036
cvp1_secret_srv149	cvp1_secret/srv149	0	23573639	0	23573639
cvp1_secret_srv137	cvp1_secret/srv137	0	51710878	0	51710878
cvp1_secret_compute_int_980	cvp1_secret/compute_int_980	0	253128159	0	253128159
cvp1_secret_srv13	cvp1_secret/srv13	0	52019356	0	52019356
cvp1_secret_srv141	cvp1_secret/srv141	0	53025129	0	53025129
cvp1_secret_srv145	cvp1_secret/srv145	0	40992118	0	40992118
cvp1_secret_srv144	cvp1_secret/srv144	0	44091141	0	44091142
cvp1_secret_srv143	cvp1_secret/srv143	0	53025548	0	53025549
cvp1_secret_srv146	cvp1_secret/srv146	0	41048384	0	41048385
cvp1_secret_srv158	cvp1_secret/srv158	0	27601165	0	27601165
cvp1_secret_srv150	cvp1_secret/srv150	0	42186193	0	42186194
cvp1_secret_srv14	cvp1_secret/srv14	0	42021765	0	42021766
cvp1_secret_srv159	cvp1_secret/srv159	0	33587723	0	33587724
cvp1_secret_srv148	cvp1_secret/srv148	0	44382672	0	44382673
cvp1_secret_srv153	cvp1_secret/srv153	0	41023302	0	41023303
cvp1_secret_srv147	cvp1_secret/srv147	0	51376948	0	51376949
cvp1_secret_srv157	cvp1_secret/srv157	0	40958629	0	40958630
cvp1_secret_srv156	cvp1_secret/srv156	0	44243228	0	44243228
cvp1_secret_srv151	cvp1_secret/srv151	0	51411756	0	51411756
cvp1_secret_srv152	cvp1_secret/srv152	0	51897284	0	51897284
cvp1_secret_srv166	cvp1_secret/srv166	0	40472182	0	40472182
cvp1_secret_srv155	cvp1_secret/srv155	0	53588107	0	53588108
cvp1_secret_srv168	cvp1_secret/srv168	0	44397367	0	44397367
cvp1_secret_srv15	cvp1_secret/srv15	0	52021190	0	52021190
cvp1_secret_srv169	cvp1_secret/srv169	0	41285991	0	41285992
cvp1_secret_srv160	cvp1_secret/srv160	0	51715379	0	51715379
cvp1_secret_srv161	cvp1_secret/srv161	0	51910850	0	51910851
cvp1_secret_srv162	cvp1_secret/srv162	0	51407930	0	51407931
cvp1_secret_srv164	cvp1_secret/srv164	0	50589206	0	50589207
cvp1_secret_srv163	cvp1_secret/srv163	0	52023495	0	52023495
cvp1_secret_srv165	cvp1_secret/srv165	0	51916437	0	51916437
cvp1_secret_srv167	cvp1_secret/srv167	0	52412352	0	52412352
cvp1_secret_srv16	cvp1_secret/srv16	0	51408069	0	51408069
cvp1_secret_srv170	cvp1_secret/srv170	0	52016011	0	52016012
cvp1_secret_srv171	cvp1_secret/srv171	0	51406500	0	51406501
cvp1_secret_srv172	cvp1_secret/srv172	0	53676660	0	53676660
cvp1_secret_srv173	cvp1_secret/srv173	0	52020637	0	52020637
cvp1_secret_srv181	cvp1_secret/srv181	0	38951677	0	38951677
cvp1_secret_srv175	cvp1_secret/srv175	0	53032862	0	53032863
cvp1_secret_srv174	cvp1_secret/srv174	0	53680145	0	53680145
cvp1_secret_srv154	cvp1_secret/srv154	0	80329499	0	80329500
cvp1_secret_srv176	cvp1_secret/srv176	0	51915808	0	51915808
cvp1_secret_srv177	cvp1_secret/srv177	0	52407504	0	52407505
cvp1_secret_srv182	cvp1_secret/srv182	0	42415990	0	42415991
cvp1_secret_srv184	cvp1_secret/srv184	0	40516796	0	40516797
cvp1_secret_srv180	cvp1_secret/srv180	0	51407246	0	51407246
cvp1_secret_srv178	cvp1_secret/srv178	0	52020208	0	52020209
cvp1_secret_srv17	cvp1_secret/srv17	0	52016228	0	52016228
cvp1_secret_srv193	cvp1_secret/srv193	0	30324031	0	30324032
cvp1_secret_srv185	cvp1_secret/srv185	0	44417718	0	44417719
cvp1_secret_srv186	cvp1_secret/srv186	0	42419098	0	42419098
cvp1_secret_srv179	cvp1_secret/srv179	0	49651865	0	49651866
cvp1_secret_srv205	cvp1_secret/srv205	0	15204341	0	15204342
cvp1_secret_srv183	cvp1_secret/srv183	0	52019264	0	52019265
cvp1_secret_srv187	cvp1_secret/srv187	0	52400024	0	52400025
cvp1_secret_srv196	cvp1_secret/srv196	0	41754508	0	41754508
cvp1_secret_srv188	cvp1_secret/srv188	0	52405069	0	52405069
cvp1_secret_srv18	cvp1_secret/srv18	0	51911499	0	51911500
cvp1_secret_srv189	cvp1_secret/srv189	0	52014895	0	52014896
cvp1_secret_srv190	cvp1_secret/srv190	0	52024600	0	52024601
cvp1_secret_srv191	cvp1_secret/srv191	0	51910916	0	51910917
cvp1_secret_srv194	cvp1_secret/srv194	0	51328223	0	51328224
cvp1_secret_srv195	cvp1_secret/srv195	0	53025765	0	53025766
cvp1_secret_srv192	cvp1_secret/srv192	0	52019210	0	52019210
cvp1_secret_srv197	cvp1_secret/srv197	0	52021419	0	52021420
cvp1_secret_srv198	cvp1_secret/srv198	0	53025619	0	53025620
cvp1_secret_srv202	cvp1_secret/srv202	0	41884167	0	41884167
cvp1_secret_srv199	cvp1_secret/srv199	0	51918309	0	51918309
cvp1_secret_srv201	cvp1_secret/srv201	0	43734067	0	43734068
cvp1_secret_srv204	cvp1_secret/srv204	0	42124293	0	42124293
cvp1_secret_srv19	cvp1_secret/srv19	0	52020645	0	52020645
cvp1_secret_srv200	cvp1_secret/srv200	0	53028919	0	53028920
cvp1_secret_srv206	cvp1_secret/srv206	0	44309035	0	44309036
cvp1_secret_srv208	cvp1_secret/srv208	0	41614202	0	41614202
cvp1_secret_srv1	cvp1_secret/srv1	0	52405417	0	52405418
cvp1_secret_srv211	cvp1_secret/srv211	0	41127782	0	41127782
cvp1_secret_srv203	cvp1_secret/srv203	0	52408582	0	52408583
cvp1_secret_srv209	cvp1_secret/srv209	0	44327657	0	44327657
cvp1_secret_srv213	cvp1_secret/srv213	0	41118799	0	41118799
cvp1_secret_srv219	cvp1_secret/srv219	0	26325629	0	26325630
cvp1_secret_srv207	cvp1_secret/srv207	0	51590213	0	51590213
cvp1_secret_srv216	cvp1_secret/srv216	0	44206700	0	44206700
cvp1_secret_srv210	cvp1_secret/srv210	0	52407431	0	52407432
cvp1_secret_srv20	cvp1_secret/srv20	0	52405906	0	52405907
cvp1_secret_srv212	cvp1_secret/srv212	0	52015160	0	52015161
cvp1_secret_srv214	cvp1_secret/srv214	0	52407691	0	52407692
cvp1_secret_srv218	cvp1_secret/srv218	0	42572119	0	42572119
cvp1_secret_srv215	cvp1_secret/srv215	0	53670100	0	53670100
cvp1_secret_srv223	cvp1_secret/srv223	0	40650657	0	40650658
cvp1_secret_srv220	cvp1_secret/srv220	0	43748454	0	43748455
cvp1_secret_srv217	cvp1_secret/srv217	0	50575383	0	50575383
cvp1_secret_srv21	cvp1_secret/srv21	0	51415133	0	51415133
cvp1_secret_srv226	cvp1_secret/srv226	0	40965509	0	40965509
cvp1_secret_srv221	cvp1_secret/srv221	0	51915916	0	51915917
cvp1_secret_srv222	cvp1_secret/srv222	0	51414813	0	51414813
cvp1_secret_srv229	cvp1_secret/srv229	0	40977441	0	40977442
cvp1_secret_srv22	cvp1_secret/srv22	0	40967043	0	40967044
cvp1_secret_srv227	cvp1_secret/srv227	0	44279237	0	44279237
cvp1_secret_srv230	cvp1_secret/srv230	0	42890591	0	42890592
cvp1_secret_srv224	cvp1_secret/srv224	0	51376537	0	51376538
cvp1_secret_srv225	cvp1_secret/srv225	0	51436859	0	51436860
cvp1_secret_srv228	cvp1_secret/srv228	0	51389790	0	51389790
cvp1_secret_srv236	cvp1_secret/srv236	0	41074822	0	41074823
cvp1_secret_srv231	cvp1_secret/srv231	0	52019321	0	52019321
cvp1_secret_srv24	cvp1_secret/srv24	0	18816006	0	18816007
cvp1_secret_srv237	cvp1_secret/srv237	0	43531370	0	43531371
cvp1_secret_srv232	cvp1_secret/srv232	0	51913461	0	51913461
cvp1_secret_srv233	cvp1_secret/srv233	0	53037748	0	53037748
cvp1_secret_srv23	cvp1_secret/srv23	0	44322334	0	44322334
cvp1_secret_srv235	cvp1_secret/srv235	0	51921648	0	51921649
cvp1_secret_srv234	cvp1_secret/srv234	0	52415351	0	52415351
cvp1_secret_srv244	cvp1_secret/srv244	0	40610387	0	40610388
cvp1_secret_srv240	cvp1_secret/srv240	0	51907526	0	51907526
cvp1_secret_srv248	cvp1_secret/srv248	0	33389161	0	33389161
cvp1_secret_srv239	cvp1_secret/srv239	0	51917352	0	51917353
cvp1_secret_srv243	cvp1_secret/srv243	0	43977036	0	43977037
cvp1_secret_srv246	cvp1_secret/srv246	0	41137151	0	41137151
cvp1_secret_srv241	cvp1_secret/srv241	0	51917349	0	51917349
cvp1_secret_srv247	cvp1_secret/srv247	0	43737790	0	43737791
cvp1_secret_srv242	cvp1_secret/srv242	0	53666014	0	53666015
cvp1_secret_srv245	cvp1_secret/srv245	0	51916797	0	51916797
cvp1_secret_srv252	cvp1_secret/srv252	0	41092888	0	41092889
cvp1_secret_srv249	cvp1_secret/srv249	0	50337931	0	50337931
cvp1_secret_srv251	cvp1_secret/srv251	0	43770251	0	43770251
cvp1_secret_srv254	cvp1_secret/srv254	0	40940349	0	40940350
cvp1_secret_srv253	cvp1_secret/srv253	0	43469352	0	43469353
cvp1_secret_srv256	cvp1_secret/srv256	0	43617403	0	43617404
cvp1_secret_srv250	cvp1_secret/srv250	0	52018470	0	52018470
cvp1_secret_srv273	cvp1_secret/srv273	0	24008408	0	24008409
cvp1_secret_srv260	cvp1_secret/srv260	0	41118790	0	41118791
cvp1_secret_srv255	cvp1_secret/srv255	0	51439904	0	51439905
cvp1_secret_srv25	cvp1_secret/srv25	0	44194017	0	44194018
cvp1_secret_srv257	cvp1_secret/srv257	0	51390858	0	51390859
cvp1_secret_srv261	cvp1_secret/srv261	0	42885391	0	42885392
cvp1_secret_srv258	cvp1_secret/srv258	0	51915802	0	51915802
cvp1_secret_srv259	cvp1_secret/srv259	0	51417979	0	51417980
cvp1_secret_srv264	cvp1_secret/srv264	0	40611992	0	40611993
cvp1_secret_srv263	cvp1_secret/srv263	0	44707292	0	44707293
cvp1_secret_srv265	cvp1_secret/srv265	0	42280056	0	42280057
cvp1_secret_srv269	cvp1_secret/srv269	0	40936717	0	40936718
cvp1_secret_srv266	cvp1_secret/srv266	0	44107989	0	44107989
cvp1_secret_srv270	cvp1_secret/srv270	0	41744300	0	41744301
cvp1_secret_srv262	cvp1_secret/srv262	0	53672900	0	53672901
cvp1_secret_srv268	cvp1_secret/srv268	0	50398453	0	50398453
cvp1_secret_srv267	cvp1_secret/srv267	0	52401607	0	52401607
cvp1_secret_srv26	cvp1_secret/srv26	0	51922812	0	51922813
cvp1_secret_srv277	cvp1_secret/srv277	0	42424996	0	42424996
cvp1_secret_srv271	cvp1_secret/srv271	0	52018301	0	52018302
cvp1_secret_srv272	cvp1_secret/srv272	0	52406075	0	52406076
cvp1_secret_srv274	cvp1_secret/srv274	0	52018255	0	52018255
cvp1_secret_srv275	cvp1_secret/srv275	0	52406764	0	52406764
cvp1_secret_srv278	cvp1_secret/srv278	0	43984699	0	43984699
cvp1_secret_srv276	cvp1_secret/srv276	0	51248239	0	51248239
cvp1_secret_srv27	cvp1_secret/srv27	0	52020743	0	52020744
cvp1_secret_srv280	cvp1_secret/srv280	0	51905376	0	51905376
cvp1_secret_srv285	cvp1_secret/srv285	0	42417666	0	42417667
cvp1_secret_srv281	cvp1_secret/srv281	0	53028142	0	53028143
cvp1_secret_srv279	cvp1_secret/srv279	0	53678443	0	53678443
cvp1_secret_srv282	cvp1_secret/srv282	0	52023674	0	52023675
cvp1_secret_srv283	cvp1_secret/srv283	0	51409043	0	51409044
cvp1_secret_srv28	cvp1_secret/srv28	0	44059896	0	44059896
cvp1_secret_srv284	cvp1_secret/srv284	0	51912392	0	51912392
cvp1_secret_srv286	cvp1_secret/srv286	0	52018722	0	52018723
cvp1_secret_srv287	cvp1_secret/srv287	0	51414923	0	51414924
cvp1_secret_srv295	cvp1_secret/srv295	0	42778050	0	42778051
cvp1_secret_srv289	cvp1_secret/srv289	0	51912361	0	51912361
cvp1_secret_srv288	cvp1_secret/srv288	0	50563163	0	50563164
cvp1_secret_srv294	cvp1_secret/srv294	0	45085435	0	45085435
cvp1_secret_srv291	cvp1_secret/srv291	0	51916209	0	51916209
cvp1_secret_srv290	cvp1_secret/srv290	0	52022904	0	52022905
cvp1_secret_srv292	cvp1_secret/srv292	0	52015376	0	52015377
cvp1_secret_srv293	cvp1_secret/srv293	0	51409538	0	51409539
cvp1_secret_srv306	cvp1_secret/srv306	0	25908775	0	25908776
cvp1_secret_srv298	cvp1_secret/srv298	0	51410525	0	51410525
cvp1_secret_srv296	cvp1_secret/srv296	0	52023286	0	52023286
cvp1_secret_srv299	cvp1_secret/srv299	0	51921480	0	51921481
cvp1_secret_srv303	cvp1_secret/srv303	0	41090934	0	41090935
cvp1_secret_srv304	cvp1_secret/srv304	0	41759356	0	41759357
cvp1_secret_srv29	cvp1_secret/srv29	0	51922539	0	51922540
cvp1_secret_srv301	cvp1_secret/srv301	0	52075554	0	52075555
cvp1_secret_srv300	cvp1_secret/srv300	0	52413450	0	52413451
cvp1_secret_srv302	cvp1_secret/srv302	0	52407701	0	52407702
cvp1_secret_srv30	cvp1_secret/srv30	0	40343307	0	40343308
cvp1_secret_srv305	cvp1_secret/srv305	0	52019701	0	52019701
cvp1_secret_srv312	cvp1_secret/srv312	0	40589050	0	40589050
cvp1_secret_srv313	cvp1_secret/srv313	0	44292922	0	44292922
cvp1_secret_srv307	cvp1_secret/srv307	0	52012877	0	52012877
cvp1_secret_srv316	cvp1_secret/srv316	0	41154897	0	41154897
cvp1_secret_srv309	cvp1_secret/srv309	0	52407184	0	52407184
cvp1_secret_srv318	cvp1_secret/srv318	0	42452711	0	42452712
cvp1_secret_srv317	cvp1_secret/srv317	0	43960825	0	43960825
cvp1_secret_srv310	cvp1_secret/srv310	0	52400274	0	52400274
cvp1_secret_srv311	cvp1_secret/srv311	0	53024506	0	53024506
cvp1_secret_srv319	cvp1_secret/srv319	0	43944244	0	43944245
cvp1_secret_srv321	cvp1_secret/srv321	0	43632883	0	43632883
cvp1_secret_srv31	cvp1_secret/srv31	0	44408133	0	44408133
cvp1_secret_srv315	cvp1_secret/srv315	0	50673166	0	50673166
cvp1_secret_srv314	cvp1_secret/srv314	0	53670595	0	53670596
cvp1_secret_srv238	cvp1_secret/srv238	0	187303144	0	187303145
cvp1_secret_srv325	cvp1_secret/srv325	0	40464942	0	40464942
cvp1_secret_srv322	cvp1_secret/srv322	0	52407731	0	52407731
cvp1_secret_srv320	cvp1_secret/srv320	0	52408201	0	52408202
cvp1_secret_srv329	cvp1_secret/srv329	0	40389877	0	40389877
cvp1_secret_srv327	cvp1_secret/srv327	0	41964280	0	41964281
cvp1_secret_srv328	cvp1_secret/srv328	0	44225458	0	44225458
cvp1_secret_srv324	cvp1_secret/srv324	0	51921200	0	51921200
cvp1_secret_srv326	cvp1_secret/srv326	0	51412534	0	51412535
cvp1_secret_srv323	cvp1_secret/srv323	0	53033628	0	53033628
cvp1_secret_srv330	cvp1_secret/srv330	0	44570793	0	44570794
cvp1_secret_srv332	cvp1_secret/srv332	0	41191545	0	41191546
cvp1_secret_srv32	cvp1_secret/srv32	0	51440122	0	51440122
cvp1_secret_srv344	cvp1_secret/srv344	0	30182902	0	30182903
cvp1_secret_srv331	cvp1_secret/srv331	0	51392062	0	51392063
cvp1_secret_srv338	cvp1_secret/srv338	0	39650682	0	39650683
cvp1_secret_srv337	cvp1_secret/srv337	0	40483982	0	40483983
cvp1_secret_srv333	cvp1_secret/srv333	0	53674272	0	53674272
cvp1_secret_srv33	cvp1_secret/srv33	0	40972277	0	40972278
cvp1_secret_srv339	cvp1_secret/srv339	0	44348455	0	44348455
cvp1_secret_srv334	cvp1_secret/srv334	0	53024526	0	53024526
cvp1_secret_srv343	cvp1_secret/srv343	0	41085957	0	41085958
cvp1_secret_srv341	cvp1_secret/srv341	0	43479361	0	43479362
cvp1_secret_srv335	cvp1_secret/srv335	0	51911486	0	51911486
cvp1_secret_srv336	cvp1_secret/srv336	0	50511734	0	50511734
cvp1_secret_srv352	cvp1_secret/srv352	0	31162579	0	31162580
cvp1_secret_srv342	cvp1_secret/srv342	0	51920947	0	51920947
cvp1_secret_srv345	cvp1_secret/srv345	0	52017098	0	52017099
cvp1_secret_srv347	cvp1_secret/srv347	0	52022208	0	52022208
cvp1_secret_srv346	cvp1_secret/srv346	0	51407654	0	51407655
cvp1_secret_srv340	cvp1_secret/srv340	0	61060869	0	61060869
cvp1_secret_srv353	cvp1_secret/srv353	0	40530098	0	40530099
cvp1_secret_srv348	cvp1_secret/srv348	0	51927904	0	51927905
cvp1_secret_srv360	cvp1_secret/srv360	0	26218801	0	26218801
cvp1_secret_srv349	cvp1_secret/srv349	0	51410645	0	51410645
cvp1_secret_srv354	cvp1_secret/srv354	0	43319184	0	43319185
cvp1_secret_srv350	cvp1_secret/srv350	0	50423727	0	50423728
cvp1_secret_srv34	cvp1_secret/srv34	0	50579966	0	50579967
cvp1_secret_srv351	cvp1_secret/srv351	0	51916700	0	51916701
cvp1_secret_srv357	cvp1_secret/srv357	0	43825381	0	43825381
cvp1_secret_srv297	cvp1_secret/srv297	0	153173840	0	153173841
cvp1_secret_srv355	cvp1_secret/srv355	0	51918482	0	51918482
cvp1_secret_srv356	cvp1_secret/srv356	0	51909173	0	51909174
cvp1_secret_srv35	cvp1_secret/srv35	0	43840370	0	43840371
cvp1_secret_srv361	cvp1_secret/srv361	0	41457124	0	41457125
cvp1_secret_srv363	cvp1_secret/srv363	0	40891168	0	40891169
cvp1_secret_srv358	cvp1_secret/srv358	0	51386293	0	51386294
cvp1_secret_srv359	cvp1_secret/srv359	0	51388827	0	51388828
cvp1_secret_srv365	cvp1_secret/srv365	0	44036370	0	44036371
cvp1_secret_srv368	cvp1_secret/srv368	0	41151993	0	41151993
cvp1_secret_srv367	cvp1_secret/srv367	0	43333884	0	43333884
cvp1_secret_srv369	cvp1_secret/srv369	0	41009302	0	41009303
cvp1_secret_srv362	cvp1_secret/srv362	0	51920290	0	51920291
cvp1_secret_srv364	cvp1_secret/srv364	0	51423431	0	51423431
cvp1_secret_srv36	cvp1_secret/srv36	0	43487698	0	43487699
cvp1_secret_srv379	cvp1_secret/srv379	0	27100728	0	27100729
cvp1_secret_srv366	cvp1_secret/srv366	0	51696499	0	51696500
cvp1_secret_srv370	cvp1_secret/srv370	0	41441406	0	41441407
cvp1_secret_srv372	cvp1_secret/srv372	0	43408157	0	43408157
cvp1_secret_srv375	cvp1_secret/srv375	0	41684077	0	41684077
cvp1_secret_srv377	cvp1_secret/srv377	0	40718514	0	40718514
cvp1_secret_srv378	cvp1_secret/srv378	0	44015584	0	44015584
cvp1_secret_srv37	cvp1_secret/srv37	0	40961006	0	40961007
cvp1_secret_srv380	cvp1_secret/srv380	0	42557042	0	42557042
cvp1_secret_srv371	cvp1_secret/srv371	0	53674914	0	53674915
cvp1_secret_srv373	cvp1_secret/srv373	0	50771419	0	50771419
cvp1_secret_srv389	cvp1_secret/srv389	0	28484826	0	28484827
cvp1_secret_srv374	cvp1_secret/srv374	0	52425276	0	52425277
cvp1_secret_srv381	cvp1_secret/srv381	0	44319438	0	44319438
cvp1_secret_srv376	cvp1_secret/srv376	0	53030636	0	53030637
cvp1_secret_srv382	cvp1_secret/srv382	0	41918053	0	41918054
cvp1_secret_srv38	cvp1_secret/srv38	0	28542598	0	28542598
cvp1_secret_srv384	cvp1_secret/srv384	0	41150033	0	41150033
cvp1_secret_srv396	cvp1_secret/srv396	0	25516370	0	25516371
cvp1_secret_srv383	cvp1_secret/srv383	0	52017863	0	52017864
cvp1_secret_srv391	cvp1_secret/srv391	0	42488227	0	42488227
cvp1_secret_srv385	cvp1_secret/srv385	0	52018670	0	52018671
cvp1_secret_srv387	cvp1_secret/srv387	0	51918761	0	51918761
cvp1_secret_srv386	cvp1_secret/srv386	0	52406453	0	52406454
cvp1_secret_srv388	cvp1_secret/srv388	0	52016838	0	52016839
cvp1_secret_srv390	cvp1_secret/srv390	0	51406884	0	51406884
cvp1_secret_srv393	cvp1_secret/srv393	0	51404946	0	51404947
cvp1_secret_srv399	cvp1_secret/srv399	0	40942241	0	40942242
cvp1_secret_srv392	cvp1_secret/srv392	0	52025901	0	52025901
cvp1_secret_srv39	cvp1_secret/srv39	0	40693361	0	40693362
cvp1_secret_srv395	cvp1_secret/srv395	0	51918322	0	51918323
cvp1_secret_srv400	cvp1_secret/srv400	0	41784619	0	41784620
cvp1_secret_srv394	cvp1_secret/srv394	0	53673052	0	53673052
cvp1_secret_srv397	cvp1_secret/srv397	0	50924120	0	50924121
cvp1_secret_srv398	cvp1_secret/srv398	0	51913783	0	51913783
cvp1_secret_srv407	cvp1_secret/srv407	0	40507569	0	40507570
cvp1_secret_srv404	cvp1_secret/srv404	0	44229317	0	44229318
cvp1_secret_srv3	cvp1_secret/srv3	0	53664236	0	53664237
cvp1_secret_srv409	cvp1_secret/srv409	0	43556170	0	43556171
cvp1_secret_srv411	cvp1_secret/srv411	0	41107111	0	41107111
cvp1_secret_srv403	cvp1_secret/srv403	0	51386026	0	51386027
cvp1_secret_srv408	cvp1_secret/srv408	0	51384143	0	51384143
cvp1_secret_srv401	cvp1_secret/srv401	0	51412093	0	51412094
cvp1_secret_srv405	cvp1_secret/srv405	0	53650759	0	53650759
cvp1_secret_srv406	cvp1_secret/srv406	0	53033659	0	53033660
cvp1_secret_srv40	cvp1_secret/srv40	0	51917513	0	51917514
cvp1_secret_srv410	cvp1_secret/srv410	0	51915223	0	51915223
cvp1_secret_srv421	cvp1_secret/srv421	0	31332473	0	31332474
cvp1_secret_srv412	cvp1_secret/srv412	0	52414415	0	52414416
cvp1_secret_srv413	cvp1_secret/srv413	0	51393667	0	51393667
cvp1_secret_srv417	cvp1_secret/srv417	0	44064410	0	44064411
cvp1_secret_srv414	cvp1_secret/srv414	0	52013939	0	52013939
cvp1_secret_srv415	cvp1_secret/srv415	0	51927546	0	51927546
cvp1_secret_srv416	cvp1_secret/srv416	0	52020317	0	52020318
cvp1_secret_srv418	cvp1_secret/srv418	0	51909659	0	51909660
cvp1_secret_srv420	cvp1_secret/srv420	0	51408818	0	51408819
cvp1_secret_srv41	cvp1_secret/srv41	0	51429693	0	51429694
cvp1_secret_srv419	cvp1_secret/srv419	0	53028219	0	53028219
cvp1_secret_srv437	cvp1_secret/srv437	0	26122242	0	26122243
cvp1_secret_srv427	cvp1_secret/srv427	0	42195047	0	42195047
cvp1_secret_srv422	cvp1_secret/srv422	0	52407702	0	52407702
cvp1_secret_srv426	cvp1_secret/srv426	0	51305386	0	51305386
cvp1_secret_srv423	cvp1_secret/srv423	0	52016122	0	52016122
cvp1_secret_srv425	cvp1_secret/srv425	0	51411142	0	51411143
cvp1_secret_srv424	cvp1_secret/srv424	0	51920326	0	51920327
cvp1_secret_srv42	cvp1_secret/srv42	0	40412045	0	40412045
cvp1_secret_srv430	cvp1_secret/srv430	0	42230346	0	42230347
cvp1_secret_srv431	cvp1_secret/srv431	0	40817590	0	40817590
cvp1_secret_srv433	cvp1_secret/srv433	0	40559384	0	40559384
cvp1_secret_srv436	cvp1_secret/srv436	0	41000659	0	41000660
cvp1_secret_srv428	cvp1_secret/srv428	0	52010345	0	52010346
cvp1_secret_srv435	cvp1_secret/srv435	0	44071842	0	44071843
cvp1_secret_srv429	cvp1_secret/srv429	0	52420007	0	52420007
cvp1_secret_srv446	cvp1_secret/srv446	0	20129937	0	20129938
cvp1_secret_srv438	cvp1_secret/srv438	0	41452511	0	41452512
cvp1_secret_srv434	cvp1_secret/srv434	0	43268685	0	43268685
cvp1_secret_srv432	cvp1_secret/srv432	0	52403118	0	52403119
cvp1_secret_srv439	cvp1_secret/srv439	0	52018766	0	52018766
cvp1_secret_srv443	cvp1_secret/srv443	0	41933381	0	41933382
cvp1_secret_srv43	cvp1_secret/srv43	0	53031278	0	53031279
cvp1_secret_srv454	cvp1_secret/srv454	0	29262726	0	29262727
cvp1_secret_srv2	cvp1_secret/srv2	0	302134394	0	302134394
cvp1_secret_srv447	cvp1_secret/srv447	0	40374795	0	40374796
cvp1_secret_srv402	cvp1_secret/srv402	0	121328180	0	121328180
cvp1_secret_srv442	cvp1_secret/srv442	0	51417741	0	51417742
cvp1_secret_srv440	cvp1_secret/srv440	0	53673092	0	53673093
cvp1_secret_srv441	cvp1_secret/srv441	0	53036525	0	53036525
cvp1_secret_srv449	cvp1_secret/srv449	0	41441938	0	41441939
cvp1_secret_srv444	cvp1_secret/srv444	0	50659118	0	50659119
cvp1_secret_srv445	cvp1_secret/srv445	0	52018561	0	52018562
cvp1_secret_srv450	cvp1_secret/srv450	0	43645356	0	43645357
cvp1_secret_srv452	cvp1_secret/srv452	0	41297247	0	41297247
cvp1_secret_srv457	cvp1_secret/srv457	0	42466290	0	42466290
cvp1_secret_srv448	cvp1_secret/srv448	0	52405649	0	52405650
cvp1_secret_srv460	cvp1_secret/srv460	0	36220964	0	36220965
cvp1_secret_srv44	cvp1_secret/srv44	0	51390919	0	51390919
cvp1_secret_srv453	cvp1_secret/srv453	0	53669310	0	53669311
cvp1_secret_srv451	cvp1_secret/srv451	0	52406683	0	52406684
cvp1_secret_srv455	cvp1_secret/srv455	0	52403929	0	52403929
cvp1_secret_srv456	cvp1_secret/srv456	0	53671741	0	53671742
cvp1_secret_srv458	cvp1_secret/srv458	0	52019274	0	52019274
cvp1_secret_srv45	cvp1_secret/srv45	0	51386868	0	51386869
cvp1_secret_srv459	cvp1_secret/srv459	0	51408528	0	51408529
cvp1_secret_srv461	cvp1_secret/srv461	0	51649721	0	51649721
cvp1_secret_srv462	cvp1_secret/srv462	0	51925036	0	51925036
cvp1_secret_srv481	cvp1_secret/srv481	0	18399316	0	18399316
cvp1_secret_srv463	cvp1_secret/srv463	0	52407485	0	52407486
cvp1_secret_srv466	cvp1_secret/srv466	0	41391003	0	41391004
cvp1_secret_srv465	cvp1_secret/srv465	0	50490688	0	50490688
cvp1_secret_srv464	cvp1_secret/srv464	0	52014942	0	52014942
cvp1_secret_srv469	cvp1_secret/srv469	0	44544200	0	44544200
cvp1_secret_srv468	cvp1_secret/srv468	0	51410136	0	51410136
cvp1_secret_srv476	cvp1_secret/srv476	0	40375653	0	40375654
cvp1_secret_srv46	cvp1_secret/srv46	0	52419438	0	52419438
cvp1_secret_srv471	cvp1_secret/srv471	0	51917496	0	51917497
cvp1_secret_srv472	cvp1_secret/srv472	0	52007535	0	52007535
cvp1_secret_srv473	cvp1_secret/srv473	0	51915106	0	51915107
cvp1_secret_srv470	cvp1_secret/srv470	0	53668079	0	53668079
cvp1_secret_srv474	cvp1_secret/srv474	0	51916058	0	51916058
cvp1_secret_srv475	cvp1_secret/srv475	0	53677945	0	53677945
cvp1_secret_srv480	cvp1_secret/srv480	0	43702414	0	43702415
cvp1_secret_srv494	cvp1_secret/srv494	0	23163623	0	23163624
cvp1_secret_srv477	cvp1_secret/srv477	0	50646772	0	50646772
cvp1_secret_srv478	cvp1_secret/srv478	0	52007075	0	52007076
cvp1_secret_srv479	cvp1_secret/srv479	0	51924582	0	51924583
cvp1_secret_srv485	cvp1_secret/srv485	0	40449938	0	40449938
cvp1_secret_srv47	cvp1_secret/srv47	0	51918363	0	51918364
cvp1_secret_srv482	cvp1_secret/srv482	0	50354976	0	50354976
cvp1_secret_srv488	cvp1_secret/srv488	0	41822210	0	41822211
cvp1_secret_srv487	cvp1_secret/srv487	0	44328391	0	44328391
cvp1_secret_srv483	cvp1_secret/srv483	0	51394990	0	51394991
cvp1_secret_srv467	cvp1_secret/srv467	0	75359879	0	75359879
cvp1_secret_srv484	cvp1_secret/srv484	0	50676909	0	50676910
cvp1_secret_srv492	cvp1_secret/srv492	0	40921813	0	40921814
cvp1_secret_srv486	cvp1_secret/srv486	0	51374689	0	51374689
cvp1_secret_srv493	cvp1_secret/srv493	0	43484175	0	43484175
cvp1_secret_srv489	cvp1_secret/srv489	0	51409665	0	51409665
cvp1_secret_srv48	cvp1_secret/srv48	0	51417538	0	51417538
cvp1_secret_srv491	cvp1_secret/srv491	0	51925867	0	51925867
cvp1_secret_srv490	cvp1_secret/srv490	0	53666748	0	53666749
cvp1_secret_srv495	cvp1_secret/srv495	0	51438999	0	51439000
cvp1_secret_srv498	cvp1_secret/srv498	0	40509173	0	40509173
cvp1_secret_srv49	cvp1_secret/srv49	0	40890447	0	40890448
cvp1_secret_srv496	cvp1_secret/srv496	0	51916333	0	51916334
cvp1_secret_srv4	cvp1_secret/srv4	0	42054981	0	42054981
cvp1_secret_srv502	cvp1_secret/srv502	0	41140640	0	41140640
cvp1_secret_srv497	cvp1_secret/srv497	0	50697916	0	50697917
cvp1_secret_srv500	cvp1_secret/srv500	0	44207315	0	44207316
cvp1_secret_srv505	cvp1_secret/srv505	0	40985303	0	40985303
cvp1_secret_srv499	cvp1_secret/srv499	0	51410823	0	51410823
cvp1_secret_srv508	cvp1_secret/srv508	0	44473707	0	44473707
cvp1_secret_srv501	cvp1_secret/srv501	0	53025853	0	53025853
cvp1_secret_srv503	cvp1_secret/srv503	0	51917414	0	51917414
cvp1_secret_srv504	cvp1_secret/srv504	0	51421436	0	51421437
cvp1_secret_srv50	cvp1_secret/srv50	0	43944217	0	43944217
cvp1_secret_srv506	cvp1_secret/srv506	0	51390823	0	51390823
cvp1_secret_srv519	cvp1_secret/srv519	0	32553954	0	32553954
cvp1_secret_srv523	cvp1_secret/srv523	0	23055765	0	23055766
cvp1_secret_srv507	cvp1_secret/srv507	0	53030580	0	53030581
cvp1_secret_srv516	cvp1_secret/srv516	0	41136389	0	41136389
cvp1_secret_srv509	cvp1_secret/srv509	0	51475541	0	51475541
cvp1_secret_srv517	cvp1_secret/srv517	0	41603806	0	41603806
cvp1_secret_srv510	cvp1_secret/srv510	0	50189333	0	50189334
cvp1_secret_srv511	cvp1_secret/srv511	0	51933871	0	51933871
cvp1_secret_srv513	cvp1_secret/srv513	0	51467889	0	51467890
cvp1_secret_srv512	cvp1_secret/srv512	0	52011907	0	52011907
cvp1_secret_srv308	cvp1_secret/srv308	0	402608846	0	402608846
cvp1_secret_srv514	cvp1_secret/srv514	0	51622258	0	51622258
cvp1_secret_srv515	cvp1_secret/srv515	0	51923048	0	51923048
cvp1_secret_srv518	cvp1_secret/srv518	0	52008738	0	52008738
cvp1_secret_srv51	cvp1_secret/srv51	0	50171709	0	50171710
cvp1_secret_srv520	cvp1_secret/srv520	0	53032717	0	53032717
cvp1_secret_srv525	cvp1_secret/srv525	0	42127353	0	42127354
cvp1_secret_srv521	cvp1_secret/srv521	0	51923671	0	51923671
cvp1_secret_srv542	cvp1_secret/srv542	0	25361574	0	25361574
cvp1_secret_srv522	cvp1_secret/srv522	0	52021414	0	52021414
cvp1_secret_srv530	cvp1_secret/srv530	0	40890357	0	40890357
cvp1_secret_srv52	cvp1_secret/srv52	0	42084883	0	42084884
cvp1_secret_srv536	cvp1_secret/srv536	0	34046758	0	34046759
cvp1_secret_srv524	cvp1_secret/srv524	0	52411226	0	52411226
cvp1_secret_srv526	cvp1_secret/srv526	0	51378208	0	51378208
cvp1_secret_srv532	cvp1_secret/srv532	0	40470650	0	40470651
cvp1_secret_srv527	cvp1_secret/srv527	0	51266208	0	51266209
cvp1_secret_srv545	cvp1_secret/srv545	0	26091274	0	26091275
cvp1_secret_srv533	cvp1_secret/srv533	0	42076031	0	42076032
cvp1_secret_srv535	cvp1_secret/srv535	0	42800657	0	42800657
cvp1_secret_srv529	cvp1_secret/srv529	0	52405237	0	52405237
cvp1_secret_srv528	cvp1_secret/srv528	0	53030731	0	53030732
cvp1_secret_srv534	cvp1_secret/srv534	0	44850814	0	44850815
cvp1_secret_srv539	cvp1_secret/srv539	0	41571664	0	41571664
cvp1_secret_srv531	cvp1_secret/srv531	0	52027582	0	52027583
cvp1_secret_srv541	cvp1_secret/srv541	0	42393557	0	42393557
cvp1_secret_srv53	cvp1_secret/srv53	0	44012955	0	44012956
cvp1_secret_srv543	cvp1_secret/srv543	0	40933968	0	40933969
cvp1_secret_srv544	cvp1_secret/srv544	0	41176591	0	41176591
cvp1_secret_srv537	cvp1_secret/srv537	0	51443254	0	51443254
cvp1_secret_srv538	cvp1_secret/srv538	0	53033979	0	53033980
cvp1_secret_srv547	cvp1_secret/srv547	0	40628961	0	40628961
cvp1_secret_srv540	cvp1_secret/srv540	0	51442721	0	51442721
cvp1_secret_srv546	cvp1_secret/srv546	0	44369558	0	44369558
cvp1_secret_srv54	cvp1_secret/srv54	0	42095723	0	42095724
cvp1_secret_srv548	cvp1_secret/srv548	0	52020439	0	52020439
cvp1_secret_srv549	cvp1_secret/srv549	0	52405178	0	52405179
cvp1_secret_srv558	cvp1_secret/srv558	0	41327806	0	41327806
cvp1_secret_srv550	cvp1_secret/srv550	0	53034036	0	53034036
cvp1_secret_srv55	cvp1_secret/srv55	0	40765636	0	40765636
cvp1_secret_srv572	cvp1_secret/srv572	0	25895008	0	25895008
cvp1_secret_srv551	cvp1_secret/srv551	0	51428817	0	51428817
cvp1_secret_srv561	cvp1_secret/srv561	0	40946431	0	40946431
cvp1_secret_srv552	cvp1_secret/srv552	0	53681944	0	53681945
cvp1_secret_srv554	cvp1_secret/srv554	0	52021578	0	52021579
cvp1_secret_srv556	cvp1_secret/srv556	0	51914509	0	51914509
cvp1_secret_srv553	cvp1_secret/srv553	0	52001074	0	52001074
cvp1_secret_srv555	cvp1_secret/srv555	0	50488490	0	50488490
cvp1_secret_srv559	cvp1_secret/srv559	0	52015265	0	52015265
cvp1_secret_srv557	cvp1_secret/srv557	0	52406330	0	52406331
cvp1_secret_srv560	cvp1_secret/srv560	0	51912635	0	51912636
cvp1_secret_srv569	cvp1_secret/srv569	0	43972027	0	43972028
cvp1_secret_srv563	cvp1_secret/srv563	0	52018284	0	52018285
cvp1_secret_srv565	cvp1_secret/srv565	0	51918038	0	51918038
cvp1_secret_srv562	cvp1_secret/srv562	0	53675928	0	53675928
cvp1_secret_srv564	cvp1_secret/srv564	0	53582173	0	53582174
cvp1_secret_srv566	cvp1_secret/srv566	0	51409664	0	51409665
cvp1_secret_srv567	cvp1_secret/srv567	0	52018687	0	52018687
cvp1_secret_srv576	cvp1_secret/srv576	0	41044678	0	41044678
cvp1_secret_srv568	cvp1_secret/srv568	0	51918388	0	51918389
cvp1_secret_srv56	cvp1_secret/srv56	0	51393618	0	51393619
cvp1_secret_srv570	cvp1_secret/srv570	0	50086745	0	50086745
cvp1_secret_srv588	cvp1_secret/srv588	0	20747306	0	20747306
cvp1_secret_srv577	cvp1_secret/srv577	0	42650409	0	42650410
cvp1_secret_srv573	cvp1_secret/srv573	0	52405576	0	52405576
cvp1_secret_srv575	cvp1_secret/srv575	0	51366566	0	51366566
cvp1_secret_srv574	cvp1_secret/srv574	0	51911867	0	51911868
cvp1_secret_srv591	cvp1_secret/srv591	0	20131046	0	20131047
cvp1_secret_srv578	cvp1_secret/srv578	0	44450049	0	44450049
cvp1_secret_srv589	cvp1_secret/srv589	0	29912196	0	29912197
cvp1_secret_srv579	cvp1_secret/srv579	0	40375927	0	40375927
cvp1_secret_srv571	cvp1_secret/srv571	0	61307685	0	61307686
cvp1_secret_srv57	cvp1_secret/srv57	0	40952269	0	40952269
cvp1_secret_srv580	cvp1_secret/srv580	0	44030856	0	44030857
cvp1_secret_srv593	cvp1_secret/srv593	0	30611333	0	30611334
cvp1_secret_srv586	cvp1_secret/srv586	0	44069292	0	44069293
cvp1_secret_srv582	cvp1_secret/srv582	0	51439987	0	51439988
cvp1_secret_srv584	cvp1_secret/srv584	0	51914529	0	51914529
cvp1_secret_srv581	cvp1_secret/srv581	0	52406942	0	52406943
cvp1_secret_srv592	cvp1_secret/srv592	0	41178391	0	41178391
cvp1_secret_srv585	cvp1_secret/srv585	0	53028167	0	53028167
cvp1_secret_srv587	cvp1_secret/srv587	0	53035002	0	53035003
cvp1_secret_srv597	cvp1_secret/srv597	0	41150977	0	41150978
cvp1_secret_srv590	cvp1_secret/srv590	0	51919756	0	51919757
cvp1_secret_srv58	cvp1_secret/srv58	0	53566608	0	53566608
cvp1_secret_srv595	cvp1_secret/srv595	0	52021887	0	52021888
cvp1_secret_srv596	cvp1_secret/srv596	0	51408857	0	51408858
cvp1_secret_srv598	cvp1_secret/srv598	0	51390794	0	51390794
cvp1_secret_srv594	cvp1_secret/srv594	0	51910420	0	51910421
cvp1_secret_srv600	cvp1_secret/srv600	0	44539460	0	44539460
cvp1_secret_srv605	cvp1_secret/srv605	0	40339621	0	40339622
cvp1_secret_srv59	cvp1_secret/srv59	0	44162635	0	44162635
cvp1_secret_srv599	cvp1_secret/srv599	0	52006493	0	52006494
cvp1_secret_srv5	cvp1_secret/srv5	0	52013923	0	52013923
cvp1_secret_srv607	cvp1_secret/srv607	0	42659045	0	42659045
cvp1_secret_srv60	cvp1_secret/srv60	0	40902802	0	40902803
cvp1_secret_srv601	cvp1_secret/srv601	0	51917667	0	51917668
cvp1_secret_srv602	cvp1_secret/srv602	0	51654367	0	51654368
cvp1_secret_srv608	cvp1_secret/srv608	0	43800801	0	43800801
cvp1_secret_srv606	cvp1_secret/srv606	0	51409694	0	51409695
cvp1_secret_srv603	cvp1_secret/srv603	0	52009681	0	52009681
cvp1_secret_srv610	cvp1_secret/srv610	0	41405203	0	41405203
cvp1_secret_srv604	cvp1_secret/srv604	0	51917773	0	51917774
cvp1_secret_srv613	cvp1_secret/srv613	0	36427623	0	36427623
cvp1_secret_srv611	cvp1_secret/srv611	0	41174832	0	41174832
cvp1_secret_srv609	cvp1_secret/srv609	0	51387034	0	51387035
cvp1_secret_srv612	cvp1_secret/srv612	0	50886044	0	50886044
cvp1_secret_srv614	cvp1_secret/srv614	0	42366265	0	42366265
cvp1_secret_srv619	cvp1_secret/srv619	0	42217597	0	42217598
cvp1_secret_srv621	cvp1_secret/srv621	0	41111747	0	41111748
cvp1_secret_srv617	cvp1_secret/srv617	0	51398713	0	51398714
cvp1_secret_srv616	cvp1_secret/srv616	0	53030481	0	53030481
cvp1_secret_srv615	cvp1_secret/srv615	0	52019647	0	52019648
cvp1_secret_srv620	cvp1_secret/srv620	0	44523193	0	44523193
cvp1_secret_srv618	cvp1_secret/srv618	0	52417206	0	52417207
cvp1_secret_srv624	cvp1_secret/srv624	0	40989851	0	40989852
cvp1_secret_srv61	cvp1_secret/srv61	0	51440589	0	51440590
cvp1_secret_srv627	cvp1_secret/srv627	0	41232140	0	41232140
cvp1_secret_srv629	cvp1_secret/srv629	0	41181298	0	41181299
cvp1_secret_srv622	cvp1_secret/srv622	0	51918294	0	51918295
cvp1_secret_srv623	cvp1_secret/srv623	0	51407465	0	51407465
cvp1_secret_srv626	cvp1_secret/srv626	0	51408734	0	51408735
cvp1_secret_srv625	cvp1_secret/srv625	0	52020625	0	52020626
cvp1_secret_srv644	cvp1_secret/srv644	0	18626955	0	18626956
cvp1_secret_srv628	cvp1_secret/srv628	0	53029637	0	53029637
cvp1_secret_srv643	cvp1_secret/srv643	0	27537428	0	27537429
cvp1_secret_srv62	cvp1_secret/srv62	0	51915250	0	51915251
cvp1_secret_srv639	cvp1_secret/srv639	0	40767130	0	40767130
cvp1_secret_srv63	cvp1_secret/srv63	0	41031474	0	41031475
cvp1_secret_srv630	cvp1_secret/srv630	0	52406081	0	52406081
cvp1_secret_srv631	cvp1_secret/srv631	0	52019000	0	52019001
cvp1_secret_srv632	cvp1_secret/srv632	0	52408116	0	52408116
cvp1_secret_srv633	cvp1_secret/srv633	0	52023477	0	52023478
cvp1_secret_srv638	cvp1_secret/srv638	0	51410568	0	51410568
cvp1_secret_srv635	cvp1_secret/srv635	0	53029248	0	53029249
cvp1_secret_srv636	cvp1_secret/srv636	0	52421050	0	52421050
cvp1_secret_srv634	cvp1_secret/srv634	0	52407880	0	52407881
cvp1_secret_srv637	cvp1_secret/srv637	0	53667173	0	53667174
cvp1_secret_srv640	cvp1_secret/srv640	0	52011065	0	52011065
cvp1_secret_srv641	cvp1_secret/srv641	0	51454459	0	51454460
cvp1_secret_srv642	cvp1_secret/srv642	0	51411077	0	51411077
cvp1_secret_srv648	cvp1_secret/srv648	0	40992982	0	40992983
cvp1_secret_srv647	cvp1_secret/srv647	0	44188548	0	44188548
cvp1_secret_srv645	cvp1_secret/srv645	0	50577851	0	50577851
cvp1_secret_srv646	cvp1_secret/srv646	0	51910337	0	51910337
cvp1_secret_srv649	cvp1_secret/srv649	0	52011354	0	52011355
cvp1_secret_srv66	cvp1_secret/srv66	0	22857089	0	22857090
cvp1_secret_srv653	cvp1_secret/srv653	0	41797773	0	41797773
cvp1_secret_srv655	cvp1_secret/srv655	0	41694849	0	41694849
cvp1_secret_srv583	cvp1_secret/srv583	0	160913382	0	160913383
cvp1_secret_srv64	cvp1_secret/srv64	0	53670800	0	53670800
cvp1_secret_srv656	cvp1_secret/srv656	0	41367799	0	41367800
cvp1_secret_srv650	cvp1_secret/srv650	0	53672032	0	53672032
cvp1_secret_srv651	cvp1_secret/srv651	0	52405351	0	52405352
cvp1_secret_srv658	cvp1_secret/srv658	0	40630983	0	40630983
cvp1_secret_srv652	cvp1_secret/srv652	0	50173823	0	50173824
cvp1_secret_srv654	cvp1_secret/srv654	0	50394411	0	50394411
cvp1_secret_srv659	cvp1_secret/srv659	0	44592758	0	44592758
cvp1_secret_srv661	cvp1_secret/srv661	0	43788862	0	43788862
cvp1_secret_srv670	cvp1_secret/srv670	0	33630889	0	33630890
cvp1_secret_srv667	cvp1_secret/srv667	0	40981951	0	40981952
cvp1_secret_srv665	cvp1_secret/srv665	0	41000046	0	41000046
cvp1_secret_srv657	cvp1_secret/srv657	0	52020621	0	52020621
cvp1_secret_srv668	cvp1_secret/srv668	0	44048944	0	44048944
cvp1_secret_srv660	cvp1_secret/srv660	0	52012262	0	52012262
cvp1_secret_srv65	cvp1_secret/srv65	0	53032482	0	53032483
cvp1_secret_srv662	cvp1_secret/srv662	0	51390589	0	51390589
cvp1_secret_srv663	cvp1_secret/srv663	0	52415752	0	52415752
cvp1_secret_srv664	cvp1_secret/srv664	0	51409575	0	51409576
cvp1_secret_srv669	cvp1_secret/srv669	0	51391702	0	51391702
cvp1_secret_srv666	cvp1_secret/srv666	0	51911928	0	51911928
cvp1_secret_srv672	cvp1_secret/srv672	0	41090788	0	41090788
cvp1_secret_srv691	cvp1_secret/srv691	0	23362233	0	23362234
cvp1_secret_srv678	cvp1_secret/srv678	0	40745600	0	40745601
cvp1_secret_srv679	cvp1_secret/srv679	0	41026007	0	41026007
cvp1_secret_srv671	cvp1_secret/srv671	0	53671397	0	53671398
cvp1_secret_srv673	cvp1_secret/srv673	0	52424487	0	52424488
cvp1_secret_srv674	cvp1_secret/srv674	0	52008458	0	52008458
cvp1_secret_srv683	cvp1_secret/srv683	0	40557927	0	40557927
cvp1_secret_srv675	cvp1_secret/srv675	0	51408339	0	51408339
cvp1_secret_srv685	cvp1_secret/srv685	0	38451444	0	38451444
cvp1_secret_srv682	cvp1_secret/srv682	0	43108146	0	43108147
cvp1_secret_srv677	cvp1_secret/srv677	0	51914555	0	51914555
cvp1_secret_srv676	cvp1_secret/srv676	0	53670034	0	53670035
cvp1_secret_srv680	cvp1_secret/srv680	0	49951327	0	49951328
cvp1_secret_srv67	cvp1_secret/srv67	0	52014133	0	52014133
cvp1_secret_srv690	cvp1_secret/srv690	0	41177091	0	41177092
cvp1_secret_srv681	cvp1_secret/srv681	0	51915220	0	51915221
cvp1_secret_srv684	cvp1_secret/srv684	0	52024640	0	52024640
cvp1_secret_srv686	cvp1_secret/srv686	0	51923642	0	51923643
cvp1_secret_srv694	cvp1_secret/srv694	0	40409340	0	40409340
cvp1_secret_srv689	cvp1_secret/srv689	0	51914110	0	51914110
cvp1_secret_srv687	cvp1_secret/srv687	0	52012728	0	52012728
cvp1_secret_srv693	cvp1_secret/srv693	0	44254638	0	44254639
cvp1_secret_srv688	cvp1_secret/srv688	0	52407520	0	52407520
cvp1_secret_srv68	cvp1_secret/srv68	0	50018519	0	50018520
cvp1_secret_srv692	cvp1_secret/srv692	0	53026593	0	53026594
cvp1_secret_srv6	cvp1_secret/srv6	0	40633327	0	40633328
cvp1_secret_srv699	cvp1_secret/srv699	0	43940225	0	43940226
cvp1_secret_srv695	cvp1_secret/srv695	0	51916816	0	51916817
cvp1_secret_srv696	cvp1_secret/srv696	0	52022860	0	52022861
cvp1_secret_srv697	cvp1_secret/srv697	0	51408593	0	51408594
cvp1_secret_srv698	cvp1_secret/srv698	0	51918332	0	51918333
cvp1_secret_srv707	cvp1_secret/srv707	0	32906394	0	32906394
cvp1_secret_srv700	cvp1_secret/srv700	0	41881355	0	41881355
cvp1_secret_srv69	cvp1_secret/srv69	0	53673405	0	53673405
cvp1_secret_srv703	cvp1_secret/srv703	0	40487152	0	40487152
cvp1_secret_srv709	cvp1_secret/srv709	0	40991725	0	40991726
cvp1_secret_srv708	cvp1_secret/srv708	0	44026449	0	44026449
cvp1_secret_srv701	cvp1_secret/srv701	0	51918240	0	51918240
cvp1_secret_srv702	cvp1_secret/srv702	0	51408268	0	51408268
cvp1_secret_srv704	cvp1_secret/srv704	0	51373336	0	51373337
cvp1_secret_srv705	cvp1_secret/srv705	0	50836164	0	50836165
cvp1_secret_srv711	cvp1_secret/srv711	0	41191512	0	41191512
cvp1_secret_srv713	cvp1_secret/srv713	0	41061936	0	41061936
cvp1_secret_srv706	cvp1_secret/srv706	0	51414464	0	51414465
cvp1_secret_srv712	cvp1_secret/srv712	0	43631707	0	43631708
cvp1_secret_srv70	cvp1_secret/srv70	0	51914940	0	51914941
cvp1_secret_srv716	cvp1_secret/srv716	0	42661847	0	42661847
cvp1_secret_srv731	cvp1_secret/srv731	0	19889259	0	19889260
cvp1_secret_srv710	cvp1_secret/srv710	0	53033775	0	53033776
cvp1_secret_srv719	cvp1_secret/srv719	0	42785535	0	42785536
cvp1_secret_srv71	cvp1_secret/srv71	0	43959893	0	43959894
cvp1_secret_srv714	cvp1_secret/srv714	0	52012733	0	52012733
cvp1_secret_srv715	cvp1_secret/srv715	0	51412503	0	51412504
cvp1_secret_srv723	cvp1_secret/srv723	0	40996783	0	40996783
cvp1_secret_srv730	cvp1_secret/srv730	0	28571449	0	28571450
cvp1_secret_srv722	cvp1_secret/srv722	0	44119446	0	44119447
cvp1_secret_srv717	cvp1_secret/srv717	0	53643675	0	53643675
cvp1_secret_srv718	cvp1_secret/srv718	0	52405071	0	52405072
cvp1_secret_srv720	cvp1_secret/srv720	0	53027007	0	53027008
cvp1_secret_srv721	cvp1_secret/srv721	0	52018657	0	52018657
cvp1_secret_srv728	cvp1_secret/srv728	0	42276431	0	42276431
cvp1_secret_srv737	cvp1_secret/srv737	0	26628492	0	26628492
cvp1_secret_srv724	cvp1_secret/srv724	0	52010522	0	52010522
cvp1_secret_srv725	cvp1_secret/srv725	0	52025485	0	52025486
cvp1_secret_srv727	cvp1_secret/srv727	0	51439947	0	51439947
cvp1_secret_srv72	cvp1_secret/srv72	0	51694440	0	51694440
cvp1_secret_srv729	cvp1_secret/srv729	0	52020150	0	52020150
cvp1_secret_srv734	cvp1_secret/srv734	0	40945272	0	40945272
cvp1_secret_srv740	cvp1_secret/srv740	0	42814398	0	42814398
cvp1_secret_srv732	cvp1_secret/srv732	0	52408371	0	52408372
cvp1_secret_srv733	cvp1_secret/srv733	0	51919324	0	51919324
cvp1_secret_srv735	cvp1_secret/srv735	0	51917712	0	51917712
cvp1_secret_srv744	cvp1_secret/srv744	0	42720482	0	42720482
cvp1_secret_srv749	cvp1_secret/srv749	0	37675019	0	37675019
cvp1_secret_srv746	cvp1_secret/srv746	0	40944847	0	40944848
cvp1_secret_srv73	cvp1_secret/srv73	0	51340400	0	51340401
cvp1_secret_srv739	cvp1_secret/srv739	0	49873394	0	49873394
cvp1_secret_srv738	cvp1_secret/srv738	0	53674730	0	53674730
cvp1_secret_srv748	cvp1_secret/srv748	0	41899428	0	41899429
cvp1_secret_srv742	cvp1_secret/srv742	0	51251986	0	51251987
cvp1_secret_srv750	cvp1_secret/srv750	0	41044155	0	41044155
cvp1_secret_srv743	cvp1_secret/srv743	0	51380260	0	51380260
cvp1_secret_srv741	cvp1_secret/srv741	0	52017225	0	52017225
cvp1_secret_srv751	cvp1_secret/srv751	0	41940004	0	41940005
cvp1_secret_srv747	cvp1_secret/srv747	0	52021383	0	52021383
cvp1_secret_srv745	cvp1_secret/srv745	0	53674912	0	53674913
cvp1_secret_srv74	cvp1_secret/srv74	0	52016728	0	52016729
cvp1_secret_srv758	cvp1_secret/srv758	0	41267137	0	41267138
cvp1_secret_srv752	cvp1_secret/srv752	0	52016803	0	52016803
cvp1_secret_srv753	cvp1_secret/srv753	0	50633370	0	50633370
cvp1_secret_srv759	cvp1_secret/srv759	0	44675049	0	44675050
cvp1_secret_srv736	cvp1_secret/srv736	0	76730282	0	76730283
cvp1_secret_srv754	cvp1_secret/srv754	0	52423194	0	52423195
cvp1_secret_srv726	cvp1_secret/srv726	0	97954369	0	97954370
cvp1_secret_srv755	cvp1_secret/srv755	0	52405520	0	52405521
cvp1_secret_srv756	cvp1_secret/srv756	0	52423114	0	52423115
cvp1_secret_srv761	cvp1_secret/srv761	0	40957585	0	40957585
cvp1_secret_srv757	cvp1_secret/srv757	0	51338860	0	51338860
cvp1_secret_srv75	cvp1_secret/srv75	0	51914100	0	51914101
cvp1_secret_srv779	cvp1_secret/srv779	0	20930531	0	20930531
cvp1_secret_srv760	cvp1_secret/srv760	0	51404614	0	51404615
cvp1_secret_srv766	cvp1_secret/srv766	0	44468750	0	44468751
cvp1_secret_srv772	cvp1_secret/srv772	0	41116251	0	41116251
cvp1_secret_srv762	cvp1_secret/srv762	0	53022870	0	53022871
cvp1_secret_srv764	cvp1_secret/srv764	0	51413453	0	51413454
cvp1_secret_srv763	cvp1_secret/srv763	0	52008471	0	52008471
cvp1_secret_srv780	cvp1_secret/srv780	0	27631388	0	27631389
cvp1_secret_srv765	cvp1_secret/srv765	0	51907705	0	51907705
cvp1_secret_srv773	cvp1_secret/srv773	0	41676797	0	41676797
cvp1_secret_srv774	cvp1_secret/srv774	0	43517664	0	43517664
cvp1_secret_srv769	cvp1_secret/srv769	0	52011969	0	52011969
cvp1_secret_srv770	cvp1_secret/srv770	0	51916583	0	51916584
cvp1_secret_srv767	cvp1_secret/srv767	0	53681945	0	53681946
cvp1_secret_srv771	cvp1_secret/srv771	0	51420779	0	51420779
cvp1_secret_srv76	cvp1_secret/srv76	0	52413960	0	52413961
cvp1_secret_srv777	cvp1_secret/srv777	0	44516832	0	44516832
cvp1_secret_srv768	cvp1_secret/srv768	0	51388685	0	51388686
cvp1_secret_srv775	cvp1_secret/srv775	0	51917822	0	51917822
cvp1_secret_srv776	cvp1_secret/srv776	0	51662890	0	51662891
cvp1_secret_srv778	cvp1_secret/srv778	0	50457175	0	50457176
cvp1_secret_srv782	cvp1_secret/srv782	0	40790473	0	40790473
cvp1_secret_srv77	cvp1_secret/srv77	0	52024861	0	52024862
cvp1_secret_srv781	cvp1_secret/srv781	0	51922125	0	51922126
cvp1_secret_srv84	cvp1_secret/srv84	0	28990428	0	28990429
cvp1_secret_srv785	cvp1_secret/srv785	0	52006063	0	52006063
cvp1_secret_srv784	cvp1_secret/srv784	0	51918938	0	51918938
cvp1_secret_srv81	cvp1_secret/srv81	0	41049310	0	41049311
cvp1_secret_srv783	cvp1_secret/srv783	0	52419674	0	52419674
cvp1_secret_srv79	cvp1_secret/srv79	0	51919072	0	51919073
cvp1_secret_srv78	cvp1_secret/srv78	0	53672698	0	53672699
cvp1_secret_srv95	cvp1_secret/srv95	0	25884035	0	25884036
cvp1_secret_srv80	cvp1_secret/srv80	0	49998057	0	49998057
cvp1_secret_srv83	cvp1_secret/srv83	0	44197938	0	44197939
cvp1_secret_srv7	cvp1_secret/srv7	0	52401058	0	52401059
cvp1_secret_srv82	cvp1_secret/srv82	0	52015478	0	52015479
cvp1_secret_srv87	cvp1_secret/srv87	0	41510588	0	41510589
cvp1_secret_srv90	cvp1_secret/srv90	0	40979296	0	40979296
cvp1_secret_srv91	cvp1_secret/srv91	0	42770526	0	42770527
cvp1_secret_srv8	cvp1_secret/srv8	0	44630226	0	44630227
cvp1_secret_srv89	cvp1_secret/srv89	0	44285023	0	44285024
cvp1_secret_srv86	cvp1_secret/srv86	0	50051396	0	50051397
cvp1_secret_srv88	cvp1_secret/srv88	0	50230968	0	50230968
cvp1_secret_srv85	cvp1_secret/srv85	0	51445654	0	51445654
cvp1_secret_srv96	cvp1_secret/srv96	0	42216158	0	42216159
cvp1_secret_srv99	cvp1_secret/srv99	0	41023143	0	41023144
cvp1_secret_srv98	cvp1_secret/srv98	0	44495376	0	44495376
cvp1_secret_srv92	cvp1_secret/srv92	0	52015690	0	52015690
cvp1_secret_srv93	cvp1_secret/srv93	0	53671203	0	53671204
cvp1_secret_srv94	cvp1_secret/srv94	0	52405898	0	52405899
cvp1_secret_srv97	cvp1_secret/srv97	0	52425574	0	52425574
cvp1_secret_srv9	cvp1_secret/srv9	0	53031955	0	53031956
ipc1_public_ipc_client_001.champsimtrace	ipc1_public/ipc_client_001.champsimtrace	0	50001920	0	50001920
ipc1_public_ipc_client_002.champsimtrace	ipc1_public/ipc_client_002.champsimtrace	0	50001920	0	50001920
ipc1_public_ipc_client_005.champsimtrace	ipc1_public/ipc_client_005.champsimtrace	0	50001920	0	50001920
ipc1_public_ipc_client_004.champsimtrace	ipc1_public/ipc_client_004.champsimtrace	0	50001920	0	50001920
ipc1_public_ipc_server_014.champsimtrace	ipc1_public/ipc_server_014.champsimtrace	0	35739162	0	35739163
ipc1_public_ipc_client_007.champsimtrace	ipc1_public/ipc_client_007.champsimtrace	0	50001920	0	50001920
ipc1_public_ipc_client_003.champsimtrace	ipc1_public/ipc_client_003.champsimtrace	0	50001920	0	50001920
ipc1_public_ipc_client_006.champsimtrace	ipc1_public/ipc_client_006.champsimtrace	0	50001920	0	50001920
ipc1_public_ipc_client_008.champsimtrace	ipc1_public/ipc_client_008.champsimtrace	0	50001920	0	50001920
ipc1_public_ipc_server_004.champsimtrace	ipc1_public/ipc_server_004.champsimtrace	0	50000275	0	50000275
ipc1_public_ipc_server_003.champsimtrace	ipc1_public/ipc_server_003.champsimtrace	0	50001378	0	50001379
ipc1_public_ipc_server_010.champsimtrace	ipc1_public/ipc_server_010.champsimtrace	0	50001310	0	50001310
ipc1_public_ipc_server_012.champsimtrace	ipc1_public/ipc_server_012.champsimtrace	0	50001512	0	50001513
ipc1_public_ipc_server_011.champsimtrace	ipc1_public/ipc_server_011.champsimtrace	0	50000525	0	50000525
ipc1_public_ipc_server_009.champsimtrace	ipc1_public/ipc_server_009.champsimtrace	0	50000085	0	50000086
ipc1_public_ipc_server_002.champsimtrace	ipc1_public/ipc_server_002.champsimtrace	0	56686993	0	56686993
ipc1_public_ipc_server_026.champsimtrace	ipc1_public/ipc_server_026.champsimtrace	0	29021200	0	29021200
ipc1_public_ipc_server_013.champsimtrace	ipc1_public/ipc_server_013.champsimtrace	0	50000694	0	50000695
ipc1_public_ipc_server_024.champsimtrace	ipc1_public/ipc_server_024.champsimtrace	0	37517394	0	37517394
ipc1_public_ipc_server_016.champsimtrace	ipc1_public/ipc_server_016.champsimtrace	0	50001980	0	50001980
ipc1_public_ipc_server_017.champsimtrace	ipc1_public/ipc_server_017.champsimtrace	0	50001744	0	50001744
ipc1_public_ipc_server_018.champsimtrace	ipc1_public/ipc_server_018.champsimtrace	0	50001021	0	50001022
ipc1_public_ipc_server_019.champsimtrace	ipc1_public/ipc_server_019.champsimtrace	0	50001655	0	50001655
ipc1_public_ipc_server_020.champsimtrace	ipc1_public/ipc_server_020.champsimtrace	0	50001966	0	50001966
ipc1_public_ipc_server_022.champsimtrace	ipc1_public/ipc_server_022.champsimtrace	0	50000958	0	50000958
ipc1_public_ipc_server_021.champsimtrace	ipc1_public/ipc_server_021.champsimtrace	0	50001366	0	50001367
ipc1_public_ipc_server_028.champsimtrace	ipc1_public/ipc_server_028.champsimtrace	0	41106284	0	41106284
ipc1_public_ipc_server_023.champsimtrace	ipc1_public/ipc_server_023.champsimtrace	0	50001935	0	50001936
ipc1_public_ipc_server_025.champsimtrace	ipc1_public/ipc_server_025.champsimtrace	0	50001189	0	50001189
ipc1_public_ipc_server_029.champsimtrace	ipc1_public/ipc_server_029.champsimtrace	0	41078960	0	41078961
ipc1_public_ipc_server_027.champsimtrace	ipc1_public/ipc_server_027.champsimtrace	0	50001965	0	50001966
ipc1_public_ipc_server_031.champsimtrace	ipc1_public/ipc_server_031.champsimtrace	0	39687610	0	39687610
ipc1_public_ipc_server_032.champsimtrace	ipc1_public/ipc_server_032.champsimtrace	0	39405668	0	39405669
ipc1_public_ipc_server_030.champsimtrace	ipc1_public/ipc_server_030.champsimtrace	0	42916054	0	42916055
ipc1_public_ipc_server_033.champsimtrace	ipc1_public/ipc_server_033.champsimtrace	0	50000916	0	50000917
ipc1_public_ipc_server_037.champsimtrace	ipc1_public/ipc_server_037.champsimtrace	0	47680697	0	47680698
ipc1_public_ipc_server_034.champsimtrace	ipc1_public/ipc_server_034.champsimtrace	0	50001487	0	50001487
ipc1_public_ipc_server_038.champsimtrace	ipc1_public/ipc_server_038.champsimtrace	0	48458575	0	48458576
ipc1_public_ipc_server_035.champsimtrace	ipc1_public/ipc_server_035.champsimtrace	0	50001734	0	50001734
ipc1_public_ipc_spec_gcc_001.champsimtrace	ipc1_public/ipc_spec_gcc_001.champsimtrace	0	50001920	0	50001920
ipc1_public_ipc_spec_gcc_002.champsimtrace	ipc1_public/ipc_spec_gcc_002.champsimtrace	0	50001920	0	50001920
ipc1_public_ipc_spec_gcc_003.champsimtrace	ipc1_public/ipc_spec_gcc_003.champsimtrace	0	50001920	0	50001920
ipc1_public_ipc_spec_gobmk_001.champsimtrace	ipc1_public/ipc_spec_gobmk_001.champsimtrace	0	50001920	0	50001920
ipc1_public_ipc_server_036.champsimtrace	ipc1_public/ipc_server_036.champsimtrace	0	57703724	0	57703725
ipc1_public_ipc_spec_gobmk_002.champsimtrace	ipc1_public/ipc_spec_gobmk_002.champsimtrace	0	50001920	0	50001920
ipc1_public_ipc_spec_perlbench_001.champsimtrace	ipc1_public/ipc_spec_perlbench_001.champsimtrace	0	50001920	0	50001920
ipc1_public_ipc_spec_x264_001.champsimtrace	ipc1_public/ipc_spec_x264_001.champsimtrace	0	50001920	0	50001920
ipc1_public_ipc_server_039.champsimtrace	ipc1_public/ipc_server_039.champsimtrace	0	75867961	0	75867961
ipc1_public_ipc_server_015.champsimtrace	ipc1_public/ipc_server_015.champsimtrace	0	173953489	0	173953490
ipc1_public_ipc_server_001.champsimtrace	ipc1_public/ipc_server_001.champsimtrace	0	50001313	0	50001313
